runtime_seconds,419.3644915999612
runtime_display,6 min 59.4 s

detuning_ghz,source_power_w,transport_feasible,handover_transfer_efficiency,science_total_temperature_rise_uK,final_retention_from_mot,science_peak_density_m3
100.0,0.0,False,,,,
125.0,0.0,False,,,,
150.0,0.0,False,,,,
175.0,0.0,False,,,,
200.0,0.0,False,,,,
225.0,0.0,False,,,,
250.0,0.0,False,,,,
275.0,0.0,False,,,,
300.0,0.0,False,,,,
325.0,0.0,False,,,,
350.0,0.0,False,,,,
375.0,0.0,False,,,,
400.0,0.0,False,,,,
425.0,0.0,False,,,,
450.0,0.0,False,,,,
475.0,0.0,False,,,,
500.0,0.0,False,,,,
525.0,0.0,False,,,,
550.0,0.0,False,,,,
575.0,0.0,False,,,,
600.0,0.0,False,,,,
625.0,0.0,False,,,,
650.0,0.0,False,,,,
675.0,0.0,False,,,,
700.0,0.0,False,,,,
725.0,0.0,False,,,,
750.0,0.0,False,,,,
775.0,0.0,False,,,,
800.0,0.0,False,,,,
100.0,0.1,True,0.652,-5.473545895523348,0.36725334400000004,1.677782903012695e+18
125.0,0.1,True,0.608,-8.591999233042902,0.33145728,1.5638155355311437e+18
150.0,0.1,True,0.582,-11.786969834649875,0.345708,2.0401921822653478e+18
175.0,0.1,True,0.612,-14.55464775414714,0.30954960000000004,2.697073998037339e+18
200.0,0.1,True,0.56,-16.617438768329723,0.17645824000000002,2.581551677256687e+18
225.0,0.1,True,0.484,-17.482901132901212,0.010709952,2.0544627114746966e+17
250.0,0.1,True,,,,
275.0,0.1,True,,,,
300.0,0.1,True,,,,
325.0,0.1,True,,,,
350.0,0.1,True,,,,
375.0,0.1,True,,,,
400.0,0.1,True,,,,
425.0,0.1,True,,,,
450.0,0.1,True,,,,
475.0,0.1,True,,,,
500.0,0.1,True,,,,
525.0,0.1,True,,,,
550.0,0.1,True,,,,
575.0,0.1,True,,,,
600.0,0.1,True,,,,
625.0,0.1,True,,,,
650.0,0.1,True,,,,
675.0,0.1,True,,,,
700.0,0.1,True,,,,
725.0,0.1,True,,,,
750.0,0.1,True,,,,
775.0,0.1,True,,,,
800.0,0.1,True,,,,
100.0,0.2,True,0.79,11.580155297354004,0.58210992,2.346594410695748e+18
125.0,0.2,True,0.728,6.263856357204972,0.485078048,1.8530671051810163e+18
150.0,0.2,True,0.674,-0.05597816056460303,0.4491536000000001,1.9812420786530107e+18
175.0,0.2,True,0.694,-3.0355697886945876,0.447246912,2.0044028450823726e+18
200.0,0.2,True,0.662,-5.853867003207183,0.44158577600000004,2.1365390968321897e+18
225.0,0.2,True,0.62,-7.640761370015493,0.386942,1.9295873319900288e+18
250.0,0.2,True,0.574,-8.807947289565957,0.35270004,1.7501782830947543e+18
275.0,0.2,True,0.602,-9.452161953571627,0.37051896,1.7493558870667213e+18
300.0,0.2,True,0.56,-11.192395702177087,0.34652352,1.8898432590088737e+18
325.0,0.2,True,0.576,-13.551339833292637,0.33239808,2.5770913279080765e+18
350.0,0.2,True,0.588,-14.222120767043336,0.31443888,2.582916422095219e+18
375.0,0.2,True,0.6,-15.605962584215407,0.26226,2.941278423218121e+18
400.0,0.2,True,0.488,-16.688366249140433,0.17813952,2.7833045773307254e+18
425.0,0.2,True,0.612,-17.105469511321026,0.105518592,1.849818941371874e+18
450.0,0.2,True,0.546,-17.981192256367812,0.04853721600000001,1.3463288098473664e+18
475.0,0.2,True,0.938,-18.11054229756107,0.0073726799999999995,2.09118858665572e+17
500.0,0.2,True,,,,
525.0,0.2,True,,,,
550.0,0.2,True,,,,
575.0,0.2,True,,,,
600.0,0.2,True,,,,
625.0,0.2,True,,,,
650.0,0.2,True,,,,
675.0,0.2,True,,,,
700.0,0.2,True,,,,
725.0,0.2,True,,,,
750.0,0.2,True,,,,
775.0,0.2,True,,,,
800.0,0.2,True,,,,
100.0,0.30000000000000004,True,0.902,27.545792082275703,0.7083045200000001,2.8395086439293363e+18
125.0,0.30000000000000004,True,0.834,17.335049576061152,0.6531020639999999,2.7043326623324303e+18
150.0,0.30000000000000004,True,0.81,11.42390586448408,0.5766228,2.362654520019801e+18
175.0,0.30000000000000004,True,0.724,6.83333570605447,0.5076832800000001,2.1011851808248515e+18
200.0,0.30000000000000004,True,0.712,7.082233291941904,0.497434528,1.6691619555304689e+18
225.0,0.30000000000000004,True,0.688,0.2507561392698463,0.445824,1.9473526703116198e+18
250.0,0.30000000000000004,True,0.666,-0.7095205194526422,0.42498792,1.7121442138766252e+18
275.0,0.30000000000000004,True,0.646,-3.195049036910813,0.43991308,1.8974083317214572e+18
300.0,0.30000000000000004,True,0.616,-5.374580594002476,0.4344032,2.0339823103220004e+18
325.0,0.30000000000000004,True,0.612,-6.572969230959606,0.400404672,1.8981983347698734e+18
350.0,0.30000000000000004,True,0.614,-8.264744380304052,0.37598904,1.960198471700628e+18
375.0,0.30000000000000004,True,0.59,-8.602111327557623,0.37823248,1.865343417699252e+18
400.0,0.30000000000000004,True,0.6,-9.36854716402345,0.40173119999999995,2.0046909579092426e+18
425.0,0.30000000000000004,True,0.596,-10.698882953076273,0.382174272,2.1367961786727048e+18
450.0,0.30000000000000004,True,0.632,-10.444620187227262,0.379968512,1.8803179195918595e+18
475.0,0.30000000000000004,True,0.556,-11.881045034740769,0.31768728000000007,1.8584894198471398e+18
500.0,0.30000000000000004,True,0.592,-13.906624972237326,0.34748032,2.9067364059345316e+18
525.0,0.30000000000000004,True,0.594,-13.842659254811927,0.32460912,2.4946276418026255e+18
550.0,0.30000000000000004,True,0.584,-14.812526134594952,0.2848752,2.650922476545808e+18
575.0,0.30000000000000004,True,0.59,-14.952958136798205,0.26728416,2.434294644170704e+18
600.0,0.30000000000000004,True,0.604,-16.237691648238687,0.23833356799999997,3.1765876355574646e+18
625.0,0.30000000000000004,True,0.466,-16.783688318330665,0.14681796,2.3378866650918876e+18
650.0,0.30000000000000004,True,0.516,-17.273844163883794,0.1012392,1.9555188282698447e+18
675.0,0.30000000000000004,True,0.508,-17.41281908029917,0.067738752,1.342607553427473e+18
700.0,0.30000000000000004,True,0.67,-17.345606964402137,0.046803519999999994,8.485557836477436e+17
725.0,0.30000000000000004,True,0.398,-18.333600421324885,0.011920896000000002,4.138183013440105e+17
750.0,0.30000000000000004,True,0.398,-18.563134212001604,0.00383672,1.587051282095805e+17
775.0,0.30000000000000004,True,,,,
800.0,0.30000000000000004,True,,,,
100.0,0.4,True,0.93,38.405766496994076,0.79289568,3.594445283652651e+18
125.0,0.4,True,0.9,30.658415493983618,0.7278768,2.9359099799225293e+18
150.0,0.4,True,0.862,22.83103859554653,0.6690499200000001,2.6523289039258153e+18
175.0,0.4,True,0.81,16.30229783298698,0.6179004,2.5021242534650276e+18
200.0,0.4,True,0.812,14.04367884599047,0.591084032,2.1666654955298002e+18
225.0,0.4,True,0.774,8.5576573888248,0.5375522880000001,2.1586785856995666e+18
250.0,0.4,True,0.706,7.002848149829202,0.4936352,1.8487498633718536e+18
275.0,0.4,True,0.674,4.144998562720023,0.463798272,1.78832421741985e+18
300.0,0.4,True,0.71,2.064776084807047,0.44824288,1.7437686564897467e+18
325.0,0.4,True,0.634,1.158614664953177,0.43899428,1.6197520950829647e+18
350.0,0.4,True,0.672,-0.39841642602720384,0.44621337600000005,1.6591194075581834e+18
375.0,0.4,True,0.622,-3.8913867212267306,0.426204352,1.9260845449765245e+18
400.0,0.4,True,0.648,-4.785968019570809,0.466933248,2.0955460620057917e+18
425.0,0.4,True,0.646,-6.329333640459684,0.42542976000000005,2.0552079024851617e+18
450.0,0.4,True,0.608,-6.744618344465579,0.438071296,2.0427732200224087e+18
475.0,0.4,True,0.618,-7.867306776518921,0.402397104,1.9839813804049137e+18
500.0,0.4,True,0.632,-8.412012686192634,0.408229024,2.004759438363008e+18
525.0,0.4,True,0.602,-9.379352637411905,0.37926,1.980858515171385e+18
550.0,0.4,True,0.582,-9.903377640484722,0.398688624,2.1035558471016845e+18
575.0,0.4,True,0.596,-10.138661892883475,0.37855059199999996,1.9434955149066785e+18
600.0,0.4,True,0.594,-10.505110254643217,0.37134028799999996,1.9006514972714522e+18
625.0,0.4,True,0.602,-11.557512037934528,0.36176347200000003,2.0854923618054787e+18
650.0,0.4,True,0.552,-12.747650820407358,0.3398112000000001,2.328986916992864e+18
675.0,0.4,True,0.596,-13.251551068120332,0.332968512,2.4118895519463695e+18
700.0,0.4,True,0.556,-13.817519316351337,0.324739584,2.550051243435338e+18
725.0,0.4,True,0.562,-14.46094769817157,0.2805863680000001,2.4745201162640353e+18
750.0,0.4,True,0.594,-14.771395439567861,0.32332607999999996,2.9663699056310195e+18
775.0,0.4,True,0.534,-15.378916621153406,0.25426944000000007,2.6831346546693396e+18
800.0,0.4,True,0.576,-15.348594960332436,0.24850713599999996,2.4854015262003466e+18
100.0,0.5,True,0.944,47.93199714597657,0.8175039999999999,4.128979711149114e+18
125.0,0.5,True,0.928,41.06663075653121,0.772096,3.2884606078673623e+18
150.0,0.5,True,0.906,32.21803057215909,0.7269671520000001,2.991960380473606e+18
175.0,0.5,True,0.872,24.343499516405345,0.7260760319999999,3.0436432300539305e+18
200.0,0.5,True,0.858,18.332047826420016,0.690614496,2.961113435621356e+18
225.0,0.5,True,0.812,17.303940885836568,0.636926304,2.3942708062588273e+18
250.0,0.5,True,0.808,12.875823989629858,0.594481152,2.316191880836269e+18
275.0,0.5,True,0.78,9.451251943690192,0.5702736,2.281132712223152e+18
300.0,0.5,True,0.728,5.402499599876165,0.52418912,2.3070823483068385e+18
325.0,0.5,True,0.704,5.5247118830427056,0.490524672,1.908996515236219e+18
350.0,0.5,True,0.7,4.052943310498037,0.479136,1.8316533196031306e+18
375.0,0.5,True,0.662,2.580352009432268,0.43539475200000005,1.6569020957471892e+18
400.0,0.5,True,0.666,1.3456919699488346,0.45714240000000006,1.7252819001931052e+18
425.0,0.5,True,0.654,0.49003556292065653,0.44769177600000004,1.6471854165682668e+18
450.0,0.5,True,0.678,-2.9767261675284367,0.4676328720000001,2.0939636438790275e+18
475.0,0.5,True,0.65,-2.949909355340516,0.43570800000000004,1.8021423207996076e+18
500.0,0.5,True,0.64,-4.151135511853701,0.42898176,1.8406746144567562e+18
525.0,0.5,True,0.644,-4.943659105181169,0.42104462400000003,1.820777538088058e+18
550.0,0.5,True,0.634,-5.354507503132844,0.44414489599999996,1.874640934671763e+18
575.0,0.5,True,0.6,-6.704506275030056,0.43960319999999997,2.014802808575189e+18
600.0,0.5,True,0.612,-7.855373900499874,0.404130528,1.9983693781708808e+18
625.0,0.5,True,0.632,-8.900981811260191,0.421801856,2.2544272577628424e+18
650.0,0.5,True,0.604,-8.530163850093263,0.38762304,1.8667501755192143e+18
675.0,0.5,True,0.632,-9.705312162980128,0.41845478399999997,2.2482985641418127e+18
700.0,0.5,True,0.588,-10.704669918117057,0.38836223999999997,2.3118658093994435e+18
725.0,0.5,True,0.582,-8.637145459383353,0.37098309599999996,1.5562006420367324e+18
750.0,0.5,True,0.604,-10.899927640999806,0.38721715199999995,2.1622982811444462e+18
775.0,0.5,True,0.538,-10.557702380650113,0.339533952,1.714335068215938e+18
800.0,0.5,True,0.586,-12.29282741726222,0.36264492800000003,2.3765006439180416e+18
100.0,0.6000000000000001,True,0.976,66.3238329605689,0.8374079999999999,3.8813011202937953e+18
125.0,0.6000000000000001,True,0.94,50.22523295432157,0.79336,3.6018835403875855e+18
150.0,0.6000000000000001,True,0.914,37.49631463058267,0.782384,3.663562455990971e+18
175.0,0.6000000000000001,True,0.92,29.938432739032784,0.75504768,3.4813723282129034e+18
200.0,0.6000000000000001,True,0.908,29.420174988942158,0.739446144,2.8469798036287754e+18
225.0,0.6000000000000001,True,0.852,23.92068420065018,0.6761472,2.6153248124152366e+18
250.0,0.6000000000000001,True,0.862,17.694255793733006,0.666632872,2.780976053045201e+18
275.0,0.6000000000000001,True,0.802,14.059485916316746,0.6148581120000001,2.5996361665080796e+18
300.0,0.6000000000000001,True,0.806,12.430852566814849,0.611683072,2.4532994171825684e+18
325.0,0.6000000000000001,True,0.772,9.083749494814437,0.574188896,2.415108342673311e+18
350.0,0.6000000000000001,True,0.738,6.816659384365135,0.53000208,2.2624513302299008e+18
375.0,0.6000000000000001,True,0.712,6.200868488669016,0.524490528,2.0991607959032643e+18
400.0,0.6000000000000001,True,0.69,3.2172703350037786,0.4915422,2.149759416308106e+18
425.0,0.6000000000000001,True,0.708,4.049799375783994,0.50916528,1.9366043545156434e+18
450.0,0.6000000000000001,True,0.668,1.6422789220383187,0.44488800000000006,1.8268244211628278e+18
475.0,0.6000000000000001,True,0.652,-0.038846778287588535,0.45958176000000006,1.972603504847449e+18
500.0,0.6000000000000001,True,0.666,0.8513165984567017,0.4423572,1.65340851550579e+18
525.0,0.6000000000000001,True,0.678,-1.2587097129393925,0.466374504,1.9090414459840015e+18
550.0,0.6000000000000001,True,0.654,-3.8301499700533306,0.46527129600000006,2.22519734394374e+18
575.0,0.6000000000000001,True,0.652,-2.2429237572866434,0.436188,1.7026163517944573e+18
600.0,0.6000000000000001,True,0.634,-3.4634241777167993,0.41592935999999997,1.701584018447973e+18
625.0,0.6000000000000001,True,0.618,-5.110606125213046,0.430493856,1.9466052205131896e+18
650.0,0.6000000000000001,True,0.622,-5.308858242993814,0.40604159999999995,1.773256310148994e+18
675.0,0.6000000000000001,True,0.6,-6.9053950204868055,0.4112903999999999,2.0249162153740698e+18
700.0,0.6000000000000001,True,0.63,-7.183187230332788,0.4398105600000001,2.1256429222711132e+18
725.0,0.6000000000000001,True,0.596,-7.903696955809242,0.39871208,2.0016812213646884e+18
750.0,0.6000000000000001,True,0.592,-8.260319412907263,0.40371558399999996,2.0225126523158671e+18
775.0,0.6000000000000001,True,0.63,-7.565288569463574,0.44207856,1.941541972893098e+18
800.0,0.6000000000000001,True,0.568,-8.305536287306083,0.36604646399999996,1.687083483321846e+18
100.0,0.7000000000000001,True,0.978,74.73059686550185,0.854772,4.342815378212283e+18
125.0,0.7000000000000001,True,0.952,55.2960700673477,0.832048,4.2875505192388526e+18
150.0,0.7000000000000001,True,0.946,42.07389218759443,0.8078839999999999,4.249612952816504e+18
175.0,0.7000000000000001,True,0.924,41.05464678466012,0.77616,3.3359675326215526e+18
200.0,0.7000000000000001,True,0.938,31.253856506054525,0.7672839999999999,3.524688645318193e+18
225.0,0.7000000000000001,True,0.9,26.371138500981395,0.7544879999999999,3.389915780790169e+18
250.0,0.7000000000000001,True,0.886,23.85646458776879,0.7027858320000001,2.9438524439364956e+18
275.0,0.7000000000000001,True,0.866,20.481341621980945,0.681063968,2.800403029103946e+18
300.0,0.7000000000000001,True,0.852,19.580294748571696,0.642302352,2.407702387749382e+18
325.0,0.7000000000000001,True,0.81,16.57763000511138,0.65300256,2.453969417017804e+18
350.0,0.7000000000000001,True,0.798,10.914984216272089,0.6127682400000001,2.6630024958700703e+18
375.0,0.7000000000000001,True,0.8,10.852776879319503,0.5753152,2.2707338464334815e+18
400.0,0.7000000000000001,True,0.764,8.789952508612405,0.5661240000000001,2.2595196189845786e+18
425.0,0.7000000000000001,True,0.732,5.072083320903115,0.520738944,2.3447898109406817e+18
450.0,0.7000000000000001,True,0.696,4.820076120130306,0.52208352,2.19966278451774e+18
475.0,0.7000000000000001,True,0.708,5.297267268016231,0.474722496,1.7997204108239708e+18
500.0,0.7000000000000001,True,0.714,4.980613835701693,0.49619001599999996,1.7822590983218232e+18
525.0,0.7000000000000001,True,0.672,2.04230160078081,0.4439232,1.7952395381946867e+18
550.0,0.7000000000000001,True,0.668,0.41799410319870844,0.45927404800000005,1.950714622475449e+18
575.0,0.7000000000000001,True,0.67,1.497762386759252,0.45413672,1.6769387157863048e+18
600.0,0.7000000000000001,True,0.672,-0.5441703316800144,0.47279232000000004,1.909933140187846e+18
625.0,0.7000000000000001,True,0.656,-1.7103127405475718,0.45758886400000004,1.9151935314430976e+18
650.0,0.7000000000000001,True,0.66,-5.221066336273108,0.44588544,2.4319975515858514e+18
675.0,0.7000000000000001,True,0.656,-3.7248731605924057,0.43312793600000005,1.9393084759158034e+18
700.0,0.7000000000000001,True,0.632,-4.646632671433666,0.4178784,1.9411512026659108e+18
725.0,0.7000000000000001,True,0.654,-4.385916190855257,0.453847224,1.957805829785284e+18
750.0,0.7000000000000001,True,0.634,-5.405497756400832,0.4443072,2.0235771102637222e+18
775.0,0.7000000000000001,True,0.662,-5.829030132377264,0.44557896,2.026965680811345e+18
800.0,0.7000000000000001,True,0.642,-5.591135990108837,0.43577676000000004,1.850591060415688e+18
100.0,0.8,True,0.978,83.64777549358404,0.8802,4.774037173302665e+18
125.0,0.8,True,0.964,64.60920881709775,0.840608,4.442979629400845e+18
150.0,0.8,True,0.956,48.79096901402448,0.852752,4.697614374334317e+18
175.0,0.8,True,0.94,40.85675155605527,0.81404,4.2955537596715894e+18
200.0,0.8,True,0.936,42.49343630856782,0.7846675200000001,3.2709690011806817e+18
225.0,0.8,True,0.926,32.24090628944894,0.771039456,3.539620316988817e+18
250.0,0.8,True,0.9,26.604059097042715,0.7383204,3.449376822007079e+18
275.0,0.8,True,0.898,24.880734308284282,0.72447048,3.1176952689823427e+18
300.0,0.8,True,0.852,21.009193936334242,0.6978357119999999,3.0304078961694295e+18
325.0,0.8,True,0.852,17.10869804941315,0.6981219839999999,3.136774251922596e+18
350.0,0.8,True,0.852,16.130767145457455,0.638274096,2.682305468457963e+18
375.0,0.8,True,0.792,16.596347175145354,0.6069571200000001,2.2656409992786977e+18
400.0,0.8,True,0.808,15.091531233394122,0.5858904960000001,2.123082485041563e+18
425.0,0.8,True,0.786,9.200485956285675,0.5819166720000001,2.547024342513982e+18
450.0,0.8,True,0.774,9.851508973052887,0.5647104,2.2038653598478856e+18
475.0,0.8,True,0.722,7.156116138817573,0.52703112,2.1948171136855913e+18
500.0,0.8,True,0.724,8.481876868940795,0.537422304,1.937216582104991e+18
525.0,0.8,True,0.698,4.779744653522457,0.504815936,2.0925493513164739e+18
550.0,0.8,True,0.68,5.787139017040758,0.47454208000000003,1.7349994944972844e+18
575.0,0.8,True,0.676,5.322607226480333,0.49608936000000015,1.7506755436312932e+18
600.0,0.8,True,0.692,2.9970902940500856,0.45815105599999995,1.759582609731141e+18
625.0,0.8,True,0.698,2.695133081223535,0.4721272,1.746604118804492e+18
650.0,0.8,True,0.682,0.2170179514779953,0.489640536,2.0393611046167212e+18
675.0,0.8,True,0.66,-0.279595133667236,0.46042920000000004,1.888401388434041e+18
700.0,0.8,True,0.682,-1.2571241235762258,0.4689432,1.97318916670509e+18
725.0,0.8,True,0.66,-1.688327850309438,0.4611050400000001,1.9135088561967772e+18
750.0,0.8,True,0.646,-3.35419969327841,0.43314300000000006,1.9787117782171927e+18
775.0,0.8,True,0.654,-2.874819508882208,0.434261232,1.8168008582681777e+18
800.0,0.8,True,0.636,-4.37401944000379,0.437222016,2.0086766517424428e+18
100.0,0.9,True,0.982,95.99284632496459,0.860232,4.70264266541614e+18
125.0,0.9,True,0.976,66.33079150341176,0.843264,5.160015592819011e+18
150.0,0.9,True,0.978,58.873113641270905,0.848904,4.5451230151314345e+18
175.0,0.9,True,0.958,52.9449674439862,0.8296279999999999,3.9806660569158236e+18
200.0,0.9,True,0.948,43.89171914056484,0.828552,3.986796365745017e+18
225.0,0.9,True,0.932,41.040328124899865,0.8052480000000001,3.492442622478997e+18
250.0,0.9,True,0.942,30.66230167643718,0.7899913439999999,3.885573516590887e+18
275.0,0.9,True,0.91,26.488852277925915,0.74834032,3.6450844388047355e+18
300.0,0.9,True,0.9,26.409368174012542,0.7401167999999999,3.1855931576757473e+18
325.0,0.9,True,0.868,22.282919270244115,0.698538624,3.079195678164718e+18
350.0,0.9,True,0.866,19.042905177293683,0.6793527520000001,3.0326879367092306e+18
375.0,0.9,True,0.862,16.854377558026997,0.681645464,3.004300740526321e+18
400.0,0.9,True,0.838,15.510349805181683,0.6584166,2.7967331033851996e+18
425.0,0.9,True,0.802,13.94878943017602,0.601153536,2.504581481462958e+18
450.0,0.9,True,0.81,11.895449026673209,0.6008256000000001,2.533336254619708e+18
475.0,0.9,True,0.794,14.352699912454838,0.6066096480000001,2.1186555128277066e+18
500.0,0.9,True,0.794,9.837306107686402,0.567446392,2.2763005647712108e+18
525.0,0.9,True,0.732,8.16747074931239,0.540233568,2.2048368818304998e+18
550.0,0.9,True,0.736,6.132867007302643,0.5283037439999999,2.2592341809597148e+18
575.0,0.9,True,0.704,5.9628476815891105,0.5278760960000001,2.1411183433671255e+18
600.0,0.9,True,0.712,2.9553246408929894,0.51204192,2.352986563886824e+18
625.0,0.9,True,0.712,4.699871323830891,0.498194944,1.9369598663089172e+18
650.0,0.9,True,0.7,3.238778222609966,0.4924416,1.9858936761525064e+18
675.0,0.9,True,0.678,4.538753771696239,0.49062792000000005,1.7298461578943708e+18
700.0,0.9,True,0.692,2.3173699974626025,0.46171347199999996,1.7841839708823283e+18
725.0,0.9,True,0.69,0.8683953991539717,0.44583659999999997,1.8146527456877097e+18
750.0,0.9,True,0.662,1.4932653919705672,0.4543968000000001,1.6881798225375224e+18
775.0,0.9,True,0.674,-0.23027544879800033,0.48108772000000005,1.9362486588966623e+18
800.0,0.9,True,0.662,-1.3248219779186066,0.468447088,1.9654913198380032e+18
100.0,1.0,True,0.99,109.05303799484886,0.87714,4.78548542309067e+18
125.0,1.0,True,0.98,91.53060366040891,0.8623999999999999,4.2091067689721964e+18
150.0,1.0,True,0.966,66.98589357062784,0.8442839999999999,4.571219668382054e+18
175.0,1.0,True,0.968,57.192092468046425,0.83248,4.29750282295215e+18
200.0,1.0,True,0.97,53.30883056246937,0.82838,3.798416186304634e+18
225.0,1.0,True,0.954,45.2169465909155,0.8395199999999999,3.861459680840405e+18
250.0,1.0,True,0.922,37.81768622700196,0.768948,3.63330886376315e+18
275.0,1.0,True,0.93,32.70130882058126,0.78335016,3.702471766764566e+18
300.0,1.0,True,0.898,32.58021631779231,0.742056912,3.1019759698534513e+18
325.0,1.0,True,0.9,25.096131972303233,0.7419131999999999,3.477560584607819e+18
350.0,1.0,True,0.9,23.793781853617283,0.738,3.2480259867762954e+18
375.0,1.0,True,0.856,20.687487624683406,0.678304672,3.0184793585487616e+18
400.0,1.0,True,0.876,20.260043149994303,0.693455616,2.8577631271146363e+18
425.0,1.0,True,0.858,18.929636274269846,0.67435368,2.679721412423878e+18
450.0,1.0,True,0.854,15.263698176934888,0.622566,2.6446447457741773e+18
475.0,1.0,True,0.786,14.714304790796312,0.620569008,2.498940741045102e+18
500.0,1.0,True,0.814,13.807234456323243,0.626688832,2.441281751988413e+18
525.0,1.0,True,0.804,13.971863347212526,0.6173755200000001,2.2280414448721085e+18
550.0,1.0,True,0.796,11.002901949717408,0.575641728,2.2312237952758277e+18
575.0,1.0,True,0.772,7.642816450157415,0.567994368,2.4560884027924577e+18
600.0,1.0,True,0.742,8.876273838197498,0.5512318,2.1027994777173197e+18
625.0,1.0,True,0.73,8.299469350130202,0.5187672,1.926214508421263e+18
650.0,1.0,True,0.71,7.610988583716768,0.5252068799999999,1.9154239079293757e+18
675.0,1.0,True,0.726,3.6239911317215636,0.510685824,2.2325135769261404e+18
700.0,1.0,True,0.694,3.4322368935282057,0.512649472,2.1565907265027274e+18
725.0,1.0,True,0.7,3.931280286051667,0.5105856,1.9820166362921692e+18
750.0,1.0,True,0.678,2.719872993513224,0.4617180000000001,1.8485927075359014e+18
775.0,1.0,True,0.688,3.1111784748584306,0.45573119999999995,1.699611444722613e+18
800.0,1.0,True,0.672,1.2100976169156894,0.4600135680000001,1.8676719161629097e+18
100.0,1.1,True,0.988,123.34698835054013,0.901056,4.844705486944864e+18
125.0,1.1,True,0.974,95.80544027317877,0.861016,4.582253169339379e+18
150.0,1.1,True,0.976,70.88339822990676,0.876448,5.126313031724119e+18
175.0,1.1,True,0.966,55.215220724915994,0.85974,5.323523087159025e+18
200.0,1.1,True,0.956,54.946951688269834,0.827896,4.236831888588021e+18
225.0,1.1,True,0.958,50.80841755268935,0.84304,3.954312848905986e+18
250.0,1.1,True,0.956,40.43572154982333,0.82216,4.193737204156088e+18
275.0,1.1,True,0.928,39.812451579393034,0.77024,3.47372641721443e+18
300.0,1.1,True,0.932,34.937629646471414,0.7868950560000001,3.553331579225874e+18
325.0,1.1,True,0.912,34.03458587193302,0.750298752,3.0934710548200545e+18
350.0,1.1,True,0.896,24.855177012048017,0.7386158079999999,3.618016750854896e+18
375.0,1.1,True,0.902,25.015143408901253,0.7208567520000001,3.1802023489231667e+18
400.0,1.1,True,0.868,24.9101847746616,0.689546144,2.782620701812725e+18
425.0,1.1,True,0.854,21.871149543289683,0.6679134,2.745107090933222e+18
450.0,1.1,True,0.868,19.515879162366595,0.691525184,2.8570200078902446e+18
475.0,1.1,True,0.862,15.814075366016738,0.661271232,2.931680415559097e+18
500.0,1.1,True,0.832,16.971803350088763,0.65554944,2.576136937037548e+18
525.0,1.1,True,0.79,16.370743729407373,0.61500552,2.3114935270254884e+18
550.0,1.1,True,0.788,12.700317202784532,0.609117696,2.5145291879666386e+18
575.0,1.1,True,0.808,11.879912510679166,0.63171056,2.544514226114336e+18
600.0,1.1,True,0.796,8.774229300845427,0.59451648,2.630405473579274e+18
625.0,1.1,True,0.77,9.216958050687843,0.55914628,2.2832925027613174e+18
650.0,1.1,True,0.744,8.923694859157045,0.551670048,2.1649367280348905e+18
675.0,1.1,True,0.724,7.566587993084976,0.516936,2.0683379247432937e+18
700.0,1.1,True,0.72,5.682043744395674,0.5392224,2.280764390059487e+18
725.0,1.1,True,0.724,6.51126105879343,0.5342106400000001,2.051840582089698e+18
750.0,1.1,True,0.702,4.322233433722989,0.49250073600000005,2.0538277228871217e+18
775.0,1.1,True,0.692,1.7872119022335902,0.5054284960000001,2.375856944882896e+18
800.0,1.1,True,0.7,5.0561688986207685,0.4978176,1.8160642981415644e+18
100.0,1.2000000000000002,True,0.988,117.94119519180677,0.881296,5.719553427497276e+18
125.0,1.2000000000000002,True,0.986,98.06354253997004,0.875568,5.157750241930302e+18
150.0,1.2000000000000002,True,0.978,78.4382668725642,0.876288,5.180713449196336e+18
175.0,1.2000000000000002,True,0.976,72.05695455882909,0.8510719999999999,4.4346040480720896e+18
200.0,1.2000000000000002,True,0.972,56.9748835735693,0.859248,4.813646772326986e+18
225.0,1.2000000000000002,True,0.95,52.182884303713536,0.8512,4.4199085788353823e+18
250.0,1.2000000000000002,True,0.954,46.757904876554164,0.8051759999999999,4.030928097057393e+18
275.0,1.2000000000000002,True,0.954,42.76433250256378,0.845244,4.040661916001195e+18
300.0,1.2000000000000002,True,0.936,42.71516278133635,0.788112,3.324572021323747e+18
325.0,1.2000000000000002,True,0.936,32.969869851280144,0.786535776,3.806953198170249e+18
350.0,1.2000000000000002,True,0.936,32.338467019521495,0.758856384,3.360328795111368e+18
375.0,1.2000000000000002,True,0.896,30.591191292787926,0.7386158079999999,3.1162537988833265e+18
400.0,1.2000000000000002,True,0.9,24.51959677280982,0.745506,3.473082435673355e+18
425.0,1.2000000000000002,True,0.894,23.32117867506748,0.735490224,3.2728101313583104e+18
450.0,1.2000000000000002,True,0.862,25.813240504956326,0.693710016,2.615995801483678e+18
475.0,1.2000000000000002,True,0.868,20.320619405445782,0.69776784,2.9506697797957233e+18
500.0,1.2000000000000002,True,0.87,20.090887953977337,0.6879716400000001,2.72806246152033e+18
525.0,1.2000000000000002,True,0.856,15.47793171029469,0.6418356479999999,2.8530617816078925e+18
550.0,1.2000000000000002,True,0.844,16.59222662728037,0.6362713440000001,2.528281126224725e+18
575.0,1.2000000000000002,True,0.818,14.236883077704825,0.6450813440000001,2.660225313559114e+18
600.0,1.2000000000000002,True,0.806,13.795102512122213,0.5990836800000001,2.372761189042849e+18
625.0,1.2000000000000002,True,0.796,11.452464302332057,0.59754128,2.4891859644090173e+18
650.0,1.2000000000000002,True,0.784,13.031626550730849,0.5901324800000001,2.1621403389271424e+18
675.0,1.2000000000000002,True,0.778,8.082726685947627,0.573865248,2.544445173943695e+18
700.0,1.2000000000000002,True,0.768,7.6607878814809,0.5576939519999999,2.4045777674263194e+18
725.0,1.2000000000000002,True,0.746,8.723014874199162,0.560654808,2.1757551412660283e+18
750.0,1.2000000000000002,True,0.728,7.683530822506874,0.5319961919999999,2.081715859895444e+18
775.0,1.2000000000000002,True,0.714,8.551238607138796,0.5342433600000001,1.9074255417530732e+18
800.0,1.2000000000000002,True,0.714,7.022333330364642,0.5371250639999999,1.9934574277974702e+18
100.0,1.3,True,0.994,135.1486198896314,0.880684,5.402847255765327e+18
125.0,1.3,True,0.984,103.26786491106473,0.887568,5.526041314108291e+18
150.0,1.3,True,0.978,83.70965906094104,0.87042,5.365767571154114e+18
175.0,1.3,True,0.972,71.04461491289219,0.85536,5.109567644647905e+18
200.0,1.3,True,0.976,62.936782702803185,0.845216,4.773856304145903e+18
225.0,1.3,True,0.974,61.430160591849926,0.843484,4.1216877787039703e+18
250.0,1.3,True,0.964,47.127811203736655,0.854104,4.78154737203795e+18
275.0,1.3,True,0.946,47.280615614310975,0.8022079999999999,3.89614402493065e+18
300.0,1.3,True,0.948,42.81254573929784,0.83424,3.9588697381089004e+18
325.0,1.3,True,0.938,37.58283025158161,0.797577648,3.8404227899272684e+18
350.0,1.3,True,0.932,36.16319567545324,0.774178848,3.477446224642481e+18
375.0,1.3,True,0.926,30.50414064200349,0.783677504,3.7378050183246075e+18
400.0,1.3,True,0.898,28.65848935796717,0.722681664,3.3223321156751094e+18
425.0,1.3,True,0.904,23.98163103397814,0.7325799040000001,3.593233722675069e+18
450.0,1.3,True,0.912,27.42424879420699,0.716832,2.8940461247560187e+18
475.0,1.3,True,0.876,22.954847100166127,0.7095600000000001,3.076907714112895e+18
500.0,1.3,True,0.86,25.69736259805034,0.68729136,2.525222365091998e+18
525.0,1.3,True,0.858,20.18310076297937,0.684944832,2.848120533635433e+18
550.0,1.3,True,0.872,15.94629060676752,0.688468416,3.1681979838283116e+18
575.0,1.3,True,0.876,16.810815671312398,0.660041472,2.752938385417696e+18
600.0,1.3,True,0.838,16.625294149753216,0.659499296,2.610555959093236e+18
625.0,1.3,True,0.798,16.508743871748166,0.6303242400000001,2.367463432515659e+18
650.0,1.3,True,0.8,13.084520161480462,0.6237664,2.570734211479434e+18
675.0,1.3,True,0.794,13.113900153562689,0.595804896,2.3263433108940104e+18
700.0,1.3,True,0.808,11.784194034826353,0.6293091840000001,2.483877286726258e+18
725.0,1.3,True,0.776,11.372615357258685,0.591920384,2.2690280794650353e+18
750.0,1.3,True,0.77,9.903591405025093,0.5677056,2.2311381403622024e+18
775.0,1.3,True,0.748,9.25646192569899,0.553202848,2.147043043021407e+18
800.0,1.3,True,0.742,6.793778226560903,0.519732416,2.202864802785392e+18
100.0,1.4000000000000001,True,0.992,146.44326465532012,0.908672,5.606725462645409e+18
125.0,1.4000000000000001,True,0.984,116.8704662439508,0.897408,5.336907110977932e+18
150.0,1.4000000000000001,True,0.984,100.84439630104538,0.893472,4.893842656868327e+18
175.0,1.4000000000000001,True,0.982,87.52256090015354,0.8838,4.597251190437015e+18
200.0,1.4000000000000001,True,0.976,71.96194230468133,0.864736,4.674883262676358e+18
225.0,1.4000000000000001,True,0.97,64.5107895246854,0.8536,4.4089926158716165e+18
250.0,1.4000000000000001,True,0.964,56.22748166516638,0.832896,4.3063753426363756e+18
275.0,1.4000000000000001,True,0.962,49.54703695415924,0.840788,4.3423870530637706e+18
300.0,1.4000000000000001,True,0.942,50.7062759443147,0.812004,3.6057701862887665e+18
325.0,1.4000000000000001,True,0.956,43.25317570701647,0.82216,3.842867769128942e+18
350.0,1.4000000000000001,True,0.936,41.67386882617188,0.7843680000000001,3.421700090752615e+18
375.0,1.4000000000000001,True,0.918,36.045006118964274,0.79866,3.6416928934160543e+18
400.0,1.4000000000000001,True,0.932,31.505449165722347,0.785318112,3.704902741820351e+18
425.0,1.4000000000000001,True,0.912,29.24014379685383,0.7720992,3.5727993025507405e+18
450.0,1.4000000000000001,True,0.9,30.36151766019664,0.7490988,3.088564442389912e+18
475.0,1.4000000000000001,True,0.906,26.385014327009614,0.73239228,3.1629902419296783e+18
500.0,1.4000000000000001,True,0.894,23.197968441617313,0.733398264,3.2765542624931487e+18
525.0,1.4000000000000001,True,0.882,22.95347971196849,0.687705984,2.8916800663028326e+18
550.0,1.4000000000000001,True,0.858,22.29002976710857,0.6993386399999999,2.818493105254166e+18
575.0,1.4000000000000001,True,0.86,18.059275149248712,0.6854544,3.039157819252205e+18
600.0,1.4000000000000001,True,0.864,18.333299443003746,0.682152192,2.8182813994964367e+18
625.0,1.4000000000000001,True,0.856,19.559069738478527,0.661681152,2.4624719409496566e+18
650.0,1.4000000000000001,True,0.828,15.734714900564526,0.652685904,2.6780472580997873e+18
675.0,1.4000000000000001,True,0.792,15.428488383520822,0.623750688,2.459486083287206e+18
700.0,1.4000000000000001,True,0.8,14.401863650503607,0.6071424,2.378359517928422e+18
725.0,1.4000000000000001,True,0.808,11.373707604568192,0.602150688,2.579503411079071e+18
750.0,1.4000000000000001,True,0.808,14.74272297341092,0.6166914560000001,2.162905193742242e+18
775.0,1.4000000000000001,True,0.796,10.466073679095544,0.596388672,2.4342811107013084e+18
800.0,1.4000000000000001,True,0.77,10.52600568435448,0.5813808,2.2646011089816453e+18
100.0,1.5,True,0.996,148.48810690167747,0.9023760000000001,6.062894047277083e+18
125.0,1.5,True,0.99,128.78112997255278,0.9088200000000001,5.288898821307898e+18
150.0,1.5,True,0.984,98.60941426260139,0.85608,5.34797383954374e+18
175.0,1.5,True,0.982,85.63920867748688,0.868088,5.142384131434803e+18
200.0,1.5,True,0.976,73.67025526048381,0.860832,5.020651957697756e+18
225.0,1.5,True,0.974,66.17141975456462,0.85712,4.768642829627009e+18
250.0,1.5,True,0.974,61.93740478502956,0.8590679999999999,4.420155342864991e+18
275.0,1.5,True,0.958,52.83862419619932,0.831544,4.4437277353736694e+18
300.0,1.5,True,0.964,47.387357742362724,0.834824,4.418744998673636e+18
325.0,1.5,True,0.946,46.76694723630267,0.8022079999999999,3.8345300345239004e+18
350.0,1.5,True,0.95,39.74379599423589,0.8265,4.1939411886663076e+18
375.0,1.5,True,0.944,42.84758527635431,0.795142528,3.386130484156029e+18
400.0,1.5,True,0.92,30.777434860873385,0.78568,4.1994785060388536e+18
425.0,1.5,True,0.946,32.814526488935094,0.8022079999999999,3.706092249958053e+18
450.0,1.5,True,0.918,29.67316394294309,0.75889224,3.542484769858389e+18
475.0,1.5,True,0.904,30.19677109865816,0.754232512,3.2089063892461676e+18
500.0,1.5,True,0.898,22.904625486627793,0.756396176,3.7862602135187144e+18
525.0,1.5,True,0.902,24.35783947703522,0.7450519999999999,3.310707470814339e+18
550.0,1.5,True,0.886,24.720193437764642,0.719761592,2.958451346079885e+18
575.0,1.5,True,0.854,23.249941406278502,0.689287312,2.797900641196631e+18
600.0,1.5,True,0.85,20.678825738913403,0.6863647999999999,2.876832682656215e+18
625.0,1.5,True,0.868,17.50221869404973,0.69776784,3.1200530116192445e+18
650.0,1.5,True,0.876,18.504915209640252,0.6850670400000001,2.7871037566176195e+18
675.0,1.5,True,0.848,15.597559078276483,0.63859488,2.772695669766544e+18
700.0,1.5,True,0.84,16.800719951648723,0.6476736,2.543176219028378e+18
725.0,1.5,True,0.794,16.792886740326253,0.639862368,2.393675613706806e+18
750.0,1.5,True,0.804,14.910784118519338,0.6026526720000001,2.3272221858767616e+18
775.0,1.5,True,0.816,12.353321307656373,0.61735296,2.5536780235224366e+18
800.0,1.5,True,0.812,12.494755395910644,0.6130729920000001,2.411421411597561e+18
100.0,1.6,True,0.992,172.51433166131173,0.914624,5.542904528624641e+18
125.0,1.6,True,0.996,123.8798995630278,0.888432,5.989302542291832e+18
150.0,1.6,True,0.988,112.42145211497413,0.8931520000000001,5.210562462221708e+18
175.0,1.6,True,0.984,100.62402183208188,0.887568,4.747144872462696e+18
200.0,1.6,True,0.986,87.02163834203525,0.883456,4.647986803650101e+18
225.0,1.6,True,0.978,70.19555965816578,0.87042,4.981868375497981e+18
250.0,1.6,True,0.966,60.95051125190649,0.85008,4.906895252068124e+18
275.0,1.6,True,0.968,57.47036646732187,0.849904,4.561570087017912e+18
300.0,1.6,True,0.956,49.379724782374566,0.839368,4.685093798745576e+18
325.0,1.6,True,0.96,52.214503215882544,0.8351999999999999,3.90988841915744e+18
350.0,1.6,True,0.936,41.342546984265304,0.801216,4.3049557385563274e+18
375.0,1.6,True,0.954,36.25366993336622,0.824256,4.5663638452840663e+18
400.0,1.6,True,0.944,37.239175336034585,0.7948479999999999,3.910595717466678e+18
425.0,1.6,True,0.924,35.157968053880055,0.785939616,3.747824100667788e+18
450.0,1.6,True,0.944,36.55712883014469,0.78978816,3.342976225115273e+18
475.0,1.6,True,0.938,32.49990688733401,0.773557344,3.3897156712108826e+18
500.0,1.6,True,0.9,32.23346829694436,0.745506,3.060470791209597e+18
525.0,1.6,True,0.904,23.731342786486856,0.747014976,3.735708463001152e+18
550.0,1.6,True,0.904,24.51670245715077,0.737993056,3.3646675065782794e+18
575.0,1.6,True,0.9,26.99378207412385,0.738,2.913728875903286e+18
600.0,1.6,True,0.862,25.148858645137345,0.695103008,2.7449491420760863e+18
625.0,1.6,True,0.852,22.73704959780465,0.673434432,2.726892797935782e+18
650.0,1.6,True,0.86,20.086364754826555,0.679744,2.868056997497803e+18
675.0,1.6,True,0.878,17.931255964648273,0.68390932,2.974081558050476e+18
700.0,1.6,True,0.868,16.954456396096738,0.680512,2.925387339627912e+18
725.0,1.6,True,0.86,17.883890594542713,0.65000864,2.5639223957843313e+18
750.0,1.6,True,0.824,16.03735047952503,0.63273312,2.566519334389904e+18
775.0,1.6,True,0.798,14.932818821673791,0.635281416,2.5802970139719654e+18
800.0,1.6,True,0.796,14.171889921256302,0.604425088,2.4286386736558346e+18
100.0,1.7000000000000002,True,0.992,160.79325363191305,0.906688,6.612525337514993e+18
125.0,1.7000000000000002,True,0.99,156.50665778410624,0.9009,4.895314579814704e+18
150.0,1.7000000000000002,True,0.992,114.83166434373612,0.878912,5.465724148059837e+18
175.0,1.7000000000000002,True,0.98,98.41555378422295,0.89376,5.382484069253136e+18
200.0,1.7000000000000002,True,0.98,94.2985126503331,0.87416,4.563634178161598e+18
225.0,1.7000000000000002,True,0.976,78.82503399667401,0.85888,4.694253765869371e+18
250.0,1.7000000000000002,True,0.976,73.94617029184482,0.872544,4.4120304978691154e+18
275.0,1.7000000000000002,True,0.966,60.169017656779886,0.867468,4.843785719490979e+18
300.0,1.7000000000000002,True,0.964,59.78582055886706,0.842536,4.1764572645269514e+18
325.0,1.7000000000000002,True,0.95,46.898680062240004,0.8379,4.818033272543995e+18
350.0,1.7000000000000002,True,0.962,47.49137518413781,0.8273199999999999,4.218482957982415e+18
375.0,1.7000000000000002,True,0.936,38.823004645281976,0.806832,4.578154058422709e+18
400.0,1.7000000000000002,True,0.952,41.49316500061765,0.832048,4.0262469257757773e+18
425.0,1.7000000000000002,True,0.944,40.37448478279939,0.8061759999999999,3.676592732253246e+18
450.0,1.7000000000000002,True,0.914,32.94794411631823,0.782643576,4.005322409131439e+18
475.0,1.7000000000000002,True,0.938,32.845680194063014,0.7957053999999999,3.7812904030754176e+18
500.0,1.7000000000000002,True,0.938,32.21057151451302,0.78476832,3.530673776599059e+18
525.0,1.7000000000000002,True,0.904,31.15930834478484,0.7653264000000001,3.312729636117001e+18
550.0,1.7000000000000002,True,0.9,27.2526003808535,0.7419131999999999,3.387523330251243e+18
575.0,1.7000000000000002,True,0.908,23.06167783263951,0.7448832479999999,3.6719652984885765e+18
600.0,1.7000000000000002,True,0.91,24.858574810268095,0.7356258,3.2124579488427884e+18
625.0,1.7000000000000002,True,0.9,23.34968970807138,0.7347275999999999,3.189483246061168e+18
650.0,1.7000000000000002,True,0.86,20.137371315590684,0.69071072,3.185690798785037e+18
675.0,1.7000000000000002,True,0.856,20.009543092792192,0.6994102079999999,3.0748941734849705e+18
700.0,1.7000000000000002,True,0.862,21.658835273697953,0.688138048,2.7067996455839084e+18
725.0,1.7000000000000002,True,0.866,19.171403204479645,0.701886072,2.8838584903446764e+18
750.0,1.7000000000000002,True,0.864,16.212212476142497,0.66754368,2.9440403591183114e+18
775.0,1.7000000000000002,True,0.852,20.792764373947286,0.6612883199999999,2.3311142048244004e+18
800.0,1.7000000000000002,True,0.836,15.36634080681754,0.6494850560000001,2.7145716020252785e+18
100.0,1.8,True,0.994,189.3230932509674,0.900564,5.743902429290401e+18
125.0,1.8,True,0.998,152.13118106461442,0.900196,5.533867892385555e+18
150.0,1.8,True,0.992,125.00922769851502,0.910656,5.532054220313899e+18
175.0,1.8,True,0.986,105.56570443105332,0.885428,5.320556209409037e+18
200.0,1.8,True,0.986,85.92546014337069,0.873596,5.56962859930066e+18
225.0,1.8,True,0.986,80.01180046763548,0.879512,5.144400934232294e+18
250.0,1.8,True,0.976,72.42082240104283,0.866688,4.893428043166805e+18
275.0,1.8,True,0.97,67.37870215385206,0.85748,4.58450333123196e+18
300.0,1.8,True,0.972,58.07324554320398,0.870912,4.859196357239737e+18
325.0,1.8,True,0.964,53.51849973459518,0.842536,4.581765061273603e+18
350.0,1.8,True,0.968,50.755632632901595,0.855712,4.428704076477431e+18
375.0,1.8,True,0.956,49.07290067651556,0.8240719999999999,4.0037512469257646e+18
400.0,1.8,True,0.932,40.808969827631145,0.816432,4.3771982793985254e+18
425.0,1.8,True,0.948,43.353732127063346,0.832344,3.847474398795471e+18
450.0,1.8,True,0.942,42.08497501962298,0.808236,3.5492852842288384e+18
475.0,1.8,True,0.914,37.20360289164716,0.769588,3.53802219935621e+18
500.0,1.8,True,0.932,33.55895985819872,0.7906156000000001,3.7299787144770094e+18
525.0,1.8,True,0.934,33.62185270111845,0.7941764640000001,3.490325737833714e+18
550.0,1.8,True,0.918,28.2958244359506,0.76803552,3.697601225310846e+18
575.0,1.8,True,0.888,30.229203707404466,0.742655712,3.1661773919083684e+18
600.0,1.8,True,0.912,26.643010420520753,0.7554460799999999,3.390062420148973e+18
625.0,1.8,True,0.906,26.54110562446462,0.748667664,3.1830419898467784e+18
650.0,1.8,True,0.906,23.10566798029125,0.7360090319999999,3.3231333145085425e+18
675.0,1.8,True,0.882,22.58900131343392,0.714751632,3.117367055822262e+18
700.0,1.8,True,0.862,22.359705463241873,0.67689412,2.829227980597994e+18
725.0,1.8,True,0.854,20.475591232735056,0.6787660320000001,2.8928551567451336e+18
750.0,1.8,True,0.886,17.239655880192608,0.68767776,3.168535131118052e+18
775.0,1.8,True,0.87,20.754936756544723,0.68936712,2.651325261643371e+18
800.0,1.8,True,0.868,15.778445450911306,0.663148528,2.9677773463317463e+18
100.0,1.9000000000000001,True,0.998,196.13300443484226,0.8982,5.921493356427848e+18
125.0,1.9000000000000001,True,0.992,147.4218602929354,0.908672,6.315264956505716e+18
150.0,1.9000000000000001,True,0.994,126.92959692393185,0.902552,5.829824485022333e+18
175.0,1.9000000000000001,True,0.99,111.9041042846772,0.89496,5.416866661322607e+18
200.0,1.9000000000000001,True,0.988,97.59968844658373,0.89908,5.314064996494216e+18
225.0,1.9000000000000001,True,0.98,83.14186698612293,0.87808,5.318303949434625e+18
250.0,1.9000000000000001,True,0.982,80.23596350444913,0.856304,4.642152769785251e+18
275.0,1.9000000000000001,True,0.98,67.66513299119424,0.88004,5.077622271409385e+18
300.0,1.9000000000000001,True,0.968,61.590143772136116,0.8479679999999999,4.802729029713153e+18
325.0,1.9000000000000001,True,0.972,53.62466289270746,0.851472,5.010676209892122e+18
350.0,1.9000000000000001,True,0.96,58.96028847539253,0.82944,3.948972387360861e+18
375.0,1.9000000000000001,True,0.966,45.668992110837934,0.8442839999999999,4.798805489539917e+18
400.0,1.9000000000000001,True,0.956,47.47202280596285,0.827896,4.118504100740287e+18
425.0,1.9000000000000001,True,0.944,42.78656532378212,0.8175039999999999,4.153771788977494e+18
450.0,1.9000000000000001,True,0.958,38.15273416411996,0.827712,4.348386823666003e+18
475.0,1.9000000000000001,True,0.942,39.45973942667617,0.802584,3.7758521452332334e+18
500.0,1.9000000000000001,True,0.924,35.36188440682076,0.778008,3.787726266252572e+18
525.0,1.9000000000000001,True,0.934,32.60336877801584,0.792584928,3.887843610931079e+18
550.0,1.9000000000000001,True,0.942,32.81306097045461,0.7893959999999999,3.6041901775570196e+18
575.0,1.9000000000000001,True,0.924,31.146779029891846,0.762011712,3.4287673175794406e+18
600.0,1.9000000000000001,True,0.892,30.7524845622929,0.7566836,3.244397704566786e+18
625.0,1.9000000000000001,True,0.892,26.499516902447432,0.751342304,3.4689270019433605e+18
650.0,1.9000000000000001,True,0.91,24.38747138765138,0.74107488,3.472636436055907e+18
675.0,1.9000000000000001,True,0.912,23.607575735182053,0.7241280000000001,3.305773083088543e+18
700.0,1.9000000000000001,True,0.894,24.811947267777576,0.740232,3.0837231105270646e+18
725.0,1.9000000000000001,True,0.878,22.884154866207176,0.7065863040000001,2.99459411069734e+18
750.0,1.9000000000000001,True,0.852,23.618800730451056,0.677176416,2.6692848616047514e+18
775.0,1.9000000000000001,True,0.85,20.480559858643275,0.6813056,2.870626016507442e+18
800.0,1.9000000000000001,True,0.868,21.32327071460326,0.710079552,2.7764465903877893e+18
100.0,2.0,True,0.994,217.97022170976726,0.90454,5.574401905496153e+18
125.0,2.0,True,0.998,164.0992128828789,0.88822,5.781758101330811e+18
150.0,2.0,True,0.994,128.5617209438177,0.896588,6.151688119302448e+18
175.0,2.0,True,0.986,119.74250386646341,0.885428,5.30770829800072e+18
200.0,2.0,True,0.986,108.51957175808201,0.875568,4.892021420273945e+18
225.0,2.0,True,0.982,96.01350020460019,0.866124,4.749232395866269e+18
250.0,2.0,True,0.99,81.34920750822478,0.88704,5.108037425588601e+18
275.0,2.0,True,0.972,75.57159412513363,0.876744,4.799461047321497e+18
300.0,2.0,True,0.974,62.560995271953374,0.851276,5.115496248792449e+18
325.0,2.0,True,0.972,57.56652705421146,0.86508,5.084172657326076e+18
350.0,2.0,True,0.974,53.343074649016856,0.861016,4.945376451685771e+18
375.0,2.0,True,0.946,51.44159195829903,0.84194,4.554641132833449e+18
400.0,2.0,True,0.966,51.36846069325456,0.848148,4.1886691084479857e+18
425.0,2.0,True,0.948,47.75754183974442,0.826656,4.0462786421064264e+18
450.0,2.0,True,0.942,41.91883342078802,0.8251919999999999,4.261275180068623e+18
475.0,2.0,True,0.958,38.795668795824085,0.827712,4.276956431408503e+18
500.0,2.0,True,0.948,42.11643005610035,0.8001119999999999,3.5397000591164503e+18
525.0,2.0,True,0.926,35.00935926373505,0.774136,3.834955164005885e+18
550.0,2.0,True,0.926,34.66068649094743,0.7947672800000001,3.721917436744677e+18
575.0,2.0,True,0.936,33.10124594802239,0.8126913600000001,3.7332491010220186e+18
600.0,2.0,True,0.922,29.65890723686543,0.769545456,3.6817886803864504e+18
625.0,2.0,True,0.906,30.650921304690705,0.754386336,3.308699772977721e+18
650.0,2.0,True,0.902,28.76398567160666,0.74716268,3.28374030949737e+18
675.0,2.0,True,0.904,30.488448197077666,0.737993056,2.920649541884262e+18
700.0,2.0,True,0.904,27.267941061006617,0.7253623680000001,3.012435999602754e+18
725.0,2.0,True,0.916,27.993264622588555,0.7309680000000001,2.8259244863828905e+18
750.0,2.0,True,0.884,22.64397277003747,0.716372384,3.154791206463855e+18
775.0,2.0,True,0.864,20.801576846902684,0.682919424,3.0709522209389896e+18
800.0,2.0,True,0.852,22.16318129139102,0.682591728,2.7967259034881787e+18
100.0,2.1,True,0.996,216.97917011936735,0.912336,6.08734509485902e+18
125.0,2.1,True,0.996,176.19160346422194,0.914328,5.820799102341718e+18
150.0,2.1,True,0.994,150.42230831980748,0.898576,5.398969427524833e+18
175.0,2.1,True,0.99,134.63176558356213,0.9009,4.991821411452235e+18
200.0,2.1,True,0.99,98.33722538605225,0.90684,6.169996494962436e+18
225.0,2.1,True,0.986,92.90341282100417,0.8874,5.453168429401828e+18
250.0,2.1,True,0.982,87.2607031036599,0.8838,5.029425606720489e+18
275.0,2.1,True,0.974,71.43023972266265,0.851276,5.358367108146255e+18
300.0,2.1,True,0.988,67.46782860757402,0.8892,5.272185050487126e+18
325.0,2.1,True,0.966,62.64566500737617,0.846216,4.865310958939535e+18
350.0,2.1,True,0.974,61.46898862462919,0.851276,4.493581819785305e+18
375.0,2.1,True,0.968,59.351821917774515,0.840224,4.17775899886466e+18
400.0,2.1,True,0.956,50.66394475735258,0.847016,4.5681741519721165e+18
425.0,2.1,True,0.966,49.364661943051345,0.832692,4.233780682899122e+18
450.0,2.1,True,0.95,49.804166527629704,0.8131999999999999,3.7746615685679985e+18
475.0,2.1,True,0.944,48.28498864988343,0.8212799999999999,3.64805107436782e+18
500.0,2.1,True,0.956,37.56119705599104,0.8336319999999999,4.4482481981394877e+18
525.0,2.1,True,0.946,37.52658640781394,0.7984239999999999,3.979353602051852e+18
550.0,2.1,True,0.924,40.47444415021851,0.7893621120000001,3.417761681128255e+18
575.0,2.1,True,0.932,32.6612566083397,0.775424,3.8806524899294587e+18
600.0,2.1,True,0.94,31.675478191545686,0.7992782399999999,3.875926205300098e+18
625.0,2.1,True,0.934,33.30178358176293,0.7981665120000001,3.4890678154212854e+18
650.0,2.1,True,0.918,27.65366827495113,0.757063584,3.705733849388345e+18
675.0,2.1,True,0.89,31.143722786643764,0.73189328,3.056739352630149e+18
700.0,2.1,True,0.902,24.99377408746839,0.757965032,3.646845126958526e+18
725.0,2.1,True,0.906,27.063782373324266,0.757709544,3.2455558885834757e+18
750.0,2.1,True,0.9,24.735843835535945,0.7488,3.302057305296134e+18
775.0,2.1,True,0.908,21.031047572240617,0.739446144,3.547648674110797e+18
800.0,2.1,True,0.876,22.917420048354316,0.707808,3.038351024452094e+18
100.0,2.2,True,0.996,230.58363814981524,0.914328,6.016118824312293e+18
125.0,2.2,True,1.0,172.7986152813516,0.896,6.278536726244176e+18
150.0,2.2,True,0.994,155.38480509066744,0.90454,5.582010224209821e+18
175.0,2.2,True,0.992,126.73793854317765,0.890816,5.725454823581067e+18
200.0,2.2,True,0.986,110.56786350258332,0.881484,5.548829606963977e+18
225.0,2.2,True,0.986,98.64461065449115,0.873596,5.343598077338255e+18
250.0,2.2,True,0.984,95.41669944560903,0.869856,4.755266017856145e+18
275.0,2.2,True,0.98,94.31030037157785,0.88788,4.286750094346534e+18
300.0,2.2,True,0.976,75.21544955755576,0.864736,4.840510811888836e+18
325.0,2.2,True,0.978,76.15032827624526,0.866508,4.2570719150959903e+18
350.0,2.2,True,0.968,62.5007764531905,0.849904,4.720615739910731e+18
375.0,2.2,True,0.976,58.1975591622076,0.85888,4.680922251930573e+18
400.0,2.2,True,0.966,59.09814901687773,0.832692,4.0661916595509755e+18
425.0,2.2,True,0.96,44.9967430323922,0.85248,5.123930867732686e+18
450.0,2.2,True,0.97,49.848390452883464,0.81868,4.0708708455248876e+18
475.0,2.2,True,0.948,48.609703487167195,0.807696,3.819726107373838e+18
500.0,2.2,True,0.948,41.79038247809407,0.830448,4.2721407968763546e+18
525.0,2.2,True,0.958,36.812359204916014,0.835376,4.5488822142490604e+18
550.0,2.2,True,0.944,40.75515779001344,0.7948479999999999,3.664694380386197e+18
575.0,2.2,True,0.926,42.995200766391726,0.7908040000000001,3.24350881140058e+18
600.0,2.2,True,0.92,36.51045792701189,0.78016,3.547315244598526e+18
625.0,2.2,True,0.942,34.244554690559696,0.8066195279999999,3.682714987361881e+18
650.0,2.2,True,0.928,32.185335636730464,0.783517824,3.5885385182599967e+18
675.0,2.2,True,0.932,32.31453271212497,0.7463306880000001,3.2307399919197174e+18
700.0,2.2,True,0.9,29.192928413550895,0.7547687999999999,3.40613446497389e+18
725.0,2.2,True,0.894,25.200761696593332,0.738751536,3.604968060118288e+18
750.0,2.2,True,0.91,26.777075283698586,0.7556057599999999,3.341588467245508e+18
775.0,2.2,True,0.914,25.757518089432565,0.74798104,3.2674198450204083e+18
800.0,2.2,True,0.904,23.058180331172984,0.7412799999999999,3.395288979063418e+18
100.0,2.3000000000000003,True,0.998,225.82736670740678,0.906184,6.559522564419228e+18
125.0,2.3000000000000003,True,0.996,201.98619710105115,0.908352,5.50717969719265e+18
150.0,2.3000000000000003,True,0.996,158.36059166809838,0.90636,5.829897304608299e+18
175.0,2.3000000000000003,True,0.992,145.0303709841072,0.9047040000000001,5.211395493898193e+18
200.0,2.3000000000000003,True,0.99,128.53848675502138,0.8969400000000001,4.973979991219542e+18
225.0,2.3000000000000003,True,0.99,116.45564650492602,0.89892,4.765260864048319e+18
250.0,2.3000000000000003,True,0.99,97.75609106342405,0.90288,5.119683626418462e+18
275.0,2.3000000000000003,True,0.984,82.92425183152538,0.883632,5.337704551743739e+18
300.0,2.3000000000000003,True,0.976,85.04698735600216,0.874496,4.51553222335136e+18
325.0,2.3000000000000003,True,0.982,67.73159968605657,0.8759440000000001,5.277941468622078e+18
350.0,2.3000000000000003,True,0.97,64.09881071105933,0.85942,4.957859764462989e+18
375.0,2.3000000000000003,True,0.968,64.84995894285979,0.859584,4.4305468677759375e+18
400.0,2.3000000000000003,True,0.974,55.4137237636874,0.853224,4.784076890090309e+18
425.0,2.3000000000000003,True,0.966,58.27568452138827,0.828828,4.029380596367322e+18
450.0,2.3000000000000003,True,0.966,54.252446921507925,0.852012,4.1318546618443715e+18
475.0,2.3000000000000003,True,0.96,53.06791020481947,0.83136,3.824013641195509e+18
500.0,2.3000000000000003,True,0.954,51.94252775440876,0.82044,3.591207159586485e+18
525.0,2.3000000000000003,True,0.944,39.020756215845665,0.8137279999999999,4.473184099040391e+18
550.0,2.3000000000000003,True,0.948,39.81701172548584,0.826656,4.1703633123442657e+18
575.0,2.3000000000000003,True,0.944,37.02599695130392,0.7986239999999999,4.0653522481481364e+18
600.0,2.3000000000000003,True,0.93,37.51111248409095,0.7812,3.698295934365234e+18
625.0,2.3000000000000003,True,0.916,32.85805760695419,0.782264,3.9689705554852946e+18
650.0,2.3000000000000003,True,0.946,33.88880304448561,0.796827152,3.7176243519394606e+18
675.0,2.3000000000000003,True,0.94,35.3850308443055,0.81640128,3.4679836449082363e+18
700.0,2.3000000000000003,True,0.936,33.29575754519371,0.760380192,3.2527555936621184e+18
725.0,2.3000000000000003,True,0.9,31.43137326202654,0.7475976,3.2129584176585047e+18
750.0,2.3000000000000003,True,0.89,29.10296294604256,0.7372226,3.240426123052502e+18
775.0,2.3000000000000003,True,0.904,23.16822321843226,0.754232512,3.843481231126782e+18
800.0,2.3000000000000003,True,0.894,28.44505996945768,0.74053596,3.038138777004254e+18
100.0,2.4000000000000004,True,0.998,250.9483343960669,0.910176,6.069067166043735e+18
125.0,2.4000000000000004,True,0.996,201.9896377144491,0.914328,5.908702203314464e+18
150.0,2.4000000000000004,True,0.996,162.1910537942132,0.9003840000000001,5.979582140555922e+18
175.0,2.4000000000000004,True,0.992,145.21038744635993,0.914624,5.606670243035045e+18
200.0,2.4000000000000004,True,0.994,124.68326826230864,0.910504,5.598589628408082e+18
225.0,2.4000000000000004,True,0.992,104.10526257364951,0.900736,5.868001777011827e+18
250.0,2.4000000000000004,True,0.984,97.82113004300477,0.891504,5.383959588584352e+18
275.0,2.4000000000000004,True,0.984,81.6305203193668,0.87576,5.74690032138184e+18
300.0,2.4000000000000004,True,0.982,83.08749061623206,0.89362,5.05935970757578e+18
325.0,2.4000000000000004,True,0.98,76.49873876561117,0.87024,4.845113935800761e+18
350.0,2.4000000000000004,True,0.978,67.4257907008888,0.876288,5.083773386396389e+18
375.0,2.4000000000000004,True,0.97,69.91894182858009,0.8536,4.298819403542564e+18
400.0,2.4000000000000004,True,0.976,58.28878166840816,0.870592,4.919275498322807e+18
425.0,2.4000000000000004,True,0.972,58.671121208975904,0.863136,4.439106019901835e+18
450.0,2.4000000000000004,True,0.96,51.06547459918413,0.84672,4.674578054077521e+18
475.0,2.4000000000000004,True,0.966,51.45310173690193,0.853944,4.3295544746756055e+18
500.0,2.4000000000000004,True,0.966,45.15701254343094,0.826896,4.476168492840392e+18
525.0,2.4000000000000004,True,0.944,43.506847178096564,0.8193919999999999,4.301606364343056e+18
550.0,2.4000000000000004,True,0.948,39.65272743376167,0.828552,4.4738926551804943e+18
575.0,2.4000000000000004,True,0.964,42.31688765982766,0.840608,3.9927778635865047e+18
600.0,2.4000000000000004,True,0.952,37.86275130871303,0.7939679999999999,3.970055388362957e+18
625.0,2.4000000000000004,True,0.942,34.63998945439622,0.7837439999999999,4.032967849846028e+18
650.0,2.4000000000000004,True,0.926,34.66198961520409,0.7855258,3.8239006061135795e+18
675.0,2.4000000000000004,True,0.934,33.95371872090176,0.780824,3.6771229684245955e+18
700.0,2.4000000000000004,True,0.938,36.761253216222094,0.805321776,3.340997762324039e+18
725.0,2.4000000000000004,True,0.93,32.21196474224196,0.77066496,3.451557040089281e+18
750.0,2.4000000000000004,True,0.92,28.563355917263202,0.75504768,3.5966773738295956e+18
775.0,2.4000000000000004,True,0.898,29.638334856875467,0.745641728,3.284696759789036e+18
800.0,2.4000000000000004,True,0.902,27.254843836416,0.752563856,3.416132196193945e+18
100.0,2.5,True,0.994,260.93776989845884,0.9124920000000001,6.12679448432602e+18
125.0,2.5,True,0.994,211.25832241565107,0.9144800000000001,5.908951728068112e+18
150.0,2.5,True,0.996,170.19851117039192,0.914328,6.052267841912841e+18
175.0,2.5,True,0.996,143.77238588688886,0.894408,5.905902277850118e+18
200.0,2.5,True,0.992,122.73676943303235,0.8888320000000001,5.929707629414231e+18
225.0,2.5,True,0.992,107.32856484190596,0.886848,5.910600252169607e+18
250.0,2.5,True,0.99,104.30803586924212,0.87912,5.208417329733672e+18
275.0,2.5,True,0.988,83.27847414097704,0.8892,6.055676518504739e+18
300.0,2.5,True,0.978,79.63300442937117,0.878244,5.563590176240714e+18
325.0,2.5,True,0.984,79.77659051330947,0.871824,4.908246776307269e+18
350.0,2.5,True,0.972,74.8377555866775,0.878688,4.796833196514088e+18
375.0,2.5,True,0.974,66.34683390021493,0.868808,4.943322109153686e+18
400.0,2.5,True,0.964,61.42969446364884,0.844464,4.782289444312648e+18
425.0,2.5,True,0.968,57.11220954094914,0.853776,4.810516051595709e+18
450.0,2.5,True,0.97,60.36432227166584,0.84778,4.137823638206976e+18
475.0,2.5,True,0.958,51.480714382454394,0.831544,4.479613082070587e+18
500.0,2.5,True,0.966,46.98146107029416,0.855876,4.725734887602229e+18
525.0,2.5,True,0.96,48.90596522260334,0.8351999999999999,4.1244702992829297e+18
550.0,2.5,True,0.94,43.22888437077771,0.82156,4.3218571245491067e+18
575.0,2.5,True,0.95,44.83118225202523,0.8379,3.98749077523699e+18
600.0,2.5,True,0.952,49.370142760828415,0.83776,3.392704817485324e+18
625.0,2.5,True,0.956,41.00325532418006,0.8126,3.7683991149024476e+18
650.0,2.5,True,0.932,43.1251827514344,0.8052480000000001,3.3580961523355525e+18
675.0,2.5,True,0.922,37.73346124114954,0.771090728,3.487741699612464e+18
700.0,2.5,True,0.93,35.34468513828492,0.79263156,3.6310759657579996e+18
725.0,2.5,True,0.946,33.398463359804985,0.7949389359999999,3.6596392431956966e+18
750.0,2.5,True,0.932,30.056836212160036,0.7890312,3.8184083633647503e+18
775.0,2.5,True,0.918,30.32228843465459,0.7457574960000001,3.4216933700820623e+18
800.0,2.5,True,0.896,26.894103521511525,0.738920448,3.6072337796442327e+18
