runtime_seconds,348.20346300001256
runtime_display,5 min 48.2 s

detuning_ghz,source_power_w,transport_feasible,handover_transfer_efficiency,science_total_temperature_rise_uK,final_retention_from_mot,science_peak_density_m3
100.0,0.0,False,,,,
125.0,0.0,False,,,,
150.0,0.0,False,,,,
175.0,0.0,False,,,,
200.0,0.0,False,,,,
225.0,0.0,False,,,,
250.0,0.0,False,,,,
275.0,0.0,False,,,,
300.0,0.0,False,,,,
325.0,0.0,False,,,,
350.0,0.0,False,,,,
375.0,0.0,False,,,,
400.0,0.0,False,,,,
425.0,0.0,False,,,,
450.0,0.0,False,,,,
475.0,0.0,False,,,,
500.0,0.0,False,,,,
525.0,0.0,False,,,,
550.0,0.0,False,,,,
575.0,0.0,False,,,,
600.0,0.0,False,,,,
625.0,0.0,False,,,,
650.0,0.0,False,,,,
675.0,0.0,False,,,,
700.0,0.0,False,,,,
725.0,0.0,False,,,,
750.0,0.0,False,,,,
775.0,0.0,False,,,,
800.0,0.0,False,,,,
100.0,0.1,True,0.878,-4.807961000009742,0.572621064,2.4459785813395707e+18
125.0,0.1,True,0.922,-9.495363339114958,0.5302348240000001,2.8311896882252303e+18
150.0,0.1,True,0.926,-12.951956972878577,0.542310048,4.0258872472669624e+18
175.0,0.1,True,0.95,-15.183567216079894,0.5007982,5.245369492410153e+18
200.0,0.1,True,0.962,-16.594820585024657,0.31769087999999995,4.6015286361394135e+18
225.0,0.1,True,0.892,-17.885130333047865,0.019823808000000002,4.937678631038189e+17
250.0,0.1,True,,,,
275.0,0.1,True,,,,
300.0,0.1,True,,,,
325.0,0.1,True,,,,
350.0,0.1,True,,,,
375.0,0.1,True,,,,
400.0,0.1,True,,,,
425.0,0.1,True,,,,
450.0,0.1,True,,,,
475.0,0.1,True,,,,
500.0,0.1,True,,,,
525.0,0.1,True,,,,
550.0,0.1,True,,,,
575.0,0.1,True,,,,
600.0,0.1,True,,,,
625.0,0.1,True,,,,
650.0,0.1,True,,,,
675.0,0.1,True,,,,
700.0,0.1,True,,,,
725.0,0.1,True,,,,
750.0,0.1,True,,,,
775.0,0.1,True,,,,
800.0,0.1,True,,,,
100.0,0.2,True,0.972,11.545817856851237,0.825021936,3.3312500458300877e+18
125.0,0.2,True,0.948,4.815030240924678,0.6915697919999999,2.876610549900007e+18
150.0,0.2,True,0.934,-0.17750267242675477,0.6428946160000001,2.861962945897002e+18
175.0,0.2,True,0.944,-2.109759865466618,0.6283264,2.600205236833918e+18
200.0,0.2,True,0.92,-4.771814746494529,0.653752,2.831999531923813e+18
225.0,0.2,True,0.906,-7.32458486823964,0.605179008,2.9056728203729623e+18
250.0,0.2,True,0.92,-9.24335079896844,0.6164883200000001,3.246764184673295e+18
275.0,0.2,True,0.904,-10.25875865630176,0.5676216,3.019606645157336e+18
300.0,0.2,True,0.942,-12.02654808787981,0.618916608,3.9187028098190474e+18
325.0,0.2,True,0.918,-13.306295548171978,0.54595296,4.0024965377032325e+18
350.0,0.2,True,0.906,-14.387571927569262,0.51286848,4.4005466531742085e+18
375.0,0.2,True,0.93,-15.546571727882977,0.41262239999999994,4.5353500656795054e+18
400.0,0.2,True,0.936,-16.48567641603342,0.34897824,4.987692076850149e+18
425.0,0.2,True,0.986,-17.197837902203652,0.182118144,3.351820564920146e+18
450.0,0.2,True,0.948,-17.66855203572618,0.08991590399999999,2.0096324945764475e+18
475.0,0.2,True,0.996,-18.20798534914462,0.00980064,3.009647826964382e+17
500.0,0.2,True,,,,
525.0,0.2,True,,,,
550.0,0.2,True,,,,
575.0,0.2,True,,,,
600.0,0.2,True,,,,
625.0,0.2,True,,,,
650.0,0.2,True,,,,
675.0,0.2,True,,,,
700.0,0.2,True,,,,
725.0,0.2,True,,,,
750.0,0.2,True,,,,
775.0,0.2,True,,,,
800.0,0.2,True,,,,
100.0,0.30000000000000004,True,0.996,20.964262387020966,0.938447136,4.70428274442595e+18
125.0,0.30000000000000004,True,0.988,15.549126502245045,0.8721076,3.886698261534528e+18
150.0,0.30000000000000004,True,0.982,12.025938518516568,0.821497992,3.2715409916322176e+18
175.0,0.30000000000000004,True,0.948,6.403521592093423,0.71105688,3.0150535140945055e+18
200.0,0.30000000000000004,True,0.954,2.6680191138323046,0.697347288,3.055751428736827e+18
225.0,0.30000000000000004,True,0.932,0.3090416793492352,0.6844608000000001,2.9768535286104627e+18
250.0,0.30000000000000004,True,0.924,-1.4349443220892972,0.665997024,2.8418830062155305e+18
275.0,0.30000000000000004,True,0.94,-3.0860578804085073,0.66109824,2.8238949927037763e+18
300.0,0.30000000000000004,True,0.922,-4.9025308983153835,0.6516253439999999,2.9090982710245734e+18
325.0,0.30000000000000004,True,0.902,-6.669088704784455,0.5916254080000001,2.8351072140329723e+18
350.0,0.30000000000000004,True,0.916,-7.9866675966279175,0.606402992,3.052318058500542e+18
375.0,0.30000000000000004,True,0.936,-9.341485772537887,0.664125696,3.6219451981482793e+18
400.0,0.30000000000000004,True,0.93,-9.945991107116555,0.6423175200000001,3.4853120302093297e+18
425.0,0.30000000000000004,True,0.934,-10.404908023860035,0.6221560800000001,3.319937839150194e+18
450.0,0.30000000000000004,True,0.904,-12.140239550122457,0.589321216,3.9092524760100224e+18
475.0,0.30000000000000004,True,0.95,-12.392762568383862,0.5720862,3.690043451258427e+18
500.0,0.30000000000000004,True,0.958,-13.352760201378487,0.5892006559999999,4.3257707755004396e+18
525.0,0.30000000000000004,True,0.94,-14.49534165565353,0.5282085599999999,4.802249018567293e+18
550.0,0.30000000000000004,True,0.934,-14.805524829472574,0.490028704,4.550774071576912e+18
575.0,0.30000000000000004,True,0.94,-15.551970328459177,0.43767152,4.817836482461112e+18
600.0,0.30000000000000004,True,0.954,-16.365413351385094,0.38920147199999994,5.46322566814614e+18
625.0,0.30000000000000004,True,0.958,-16.724406490663227,0.32556672,5.044132218613618e+18
650.0,0.30000000000000004,True,0.962,-17.30592331926931,0.20090792799999999,3.9502216017409853e+18
675.0,0.30000000000000004,True,0.942,-17.51410446634986,0.13103596799999997,2.75751767501225e+18
700.0,0.30000000000000004,True,0.982,-17.754555570741534,0.07194131999999999,1.6763884494678648e+18
725.0,0.30000000000000004,True,0.974,-18.299380968117415,0.030606976,1.0305744843148193e+18
750.0,0.30000000000000004,True,0.972,-17.881667141801895,0.009447839999999999,2.183214396174793e+17
775.0,0.30000000000000004,True,,,,
800.0,0.30000000000000004,True,,,,
100.0,0.4,True,1.0,31.841607227227726,0.9800639999999999,5.312955371614281e+18
125.0,0.4,True,1.0,23.114405687898333,0.9521759999999999,4.891543111018459e+18
150.0,0.4,True,0.982,18.457290885512066,0.904347368,4.2138008992541256e+18
175.0,0.4,True,0.978,14.073458942463958,0.8646615360000001,3.850466730187085e+18
200.0,0.4,True,0.988,11.390752558269774,0.85869056,3.5549333651905295e+18
225.0,0.4,True,0.962,7.926863228547994,0.7899251359999999,3.28022650568465e+18
250.0,0.4,True,0.94,5.370274594449697,0.7137608,2.9352921723864e+18
275.0,0.4,True,0.952,3.7601641388894045,0.670451712,2.6482028994933724e+18
300.0,0.4,True,0.956,1.6595617656140362,0.649070464,2.5962236576517473e+18
325.0,0.4,True,0.93,-0.25803078327164997,0.6922250400000001,2.8338844123974636e+18
350.0,0.4,True,0.918,-1.2989910604645445,0.670749552,2.676298995457647e+18
375.0,0.4,True,0.942,-2.982450106193017,0.668526096,2.782386871360488e+18
400.0,0.4,True,0.922,-4.8094471490757424,0.6610444959999999,2.9735772347453563e+18
425.0,0.4,True,0.908,-5.726891427030679,0.6483119999999999,2.9357470081157125e+18
450.0,0.4,True,0.92,-7.332290447798989,0.65521664,3.2704046053803044e+18
475.0,0.4,True,0.912,-7.77326208950231,0.6360762240000001,3.1000009600792684e+18
500.0,0.4,True,0.92,-9.085160340048558,0.6575681600000001,3.5325241575499433e+18
525.0,0.4,True,0.922,-9.727531415025624,0.612669,3.3640045416740065e+18
550.0,0.4,True,0.91,-9.726660942369005,0.62764884,3.2265148620203535e+18
575.0,0.4,True,0.932,-10.69505919619755,0.6279219520000001,3.5172126892293274e+18
600.0,0.4,True,0.928,-12.05398943266977,0.593207296,3.9659577909075794e+18
625.0,0.4,True,0.94,-12.301141324741888,0.61001864,4.0382495181013514e+18
650.0,0.4,True,0.926,-12.541948817519962,0.5953809600000001,3.9129502094212393e+18
675.0,0.4,True,0.93,-13.459062709587148,0.5437040399999999,4.1272690560268657e+18
700.0,0.4,True,0.932,-14.00419373253947,0.5559790080000001,4.5713538183902884e+18
725.0,0.4,True,0.914,-14.657271247888268,0.47599657600000006,4.4313572139798753e+18
750.0,0.4,True,0.942,-15.006464751457024,0.5064192,4.978072859658444e+18
775.0,0.4,True,0.908,-15.51249065008865,0.449089536,4.952094174832329e+18
800.0,0.4,True,0.954,-15.986319504203319,0.42557176799999996,5.309975871101825e+18
100.0,0.5,True,0.998,36.33187379231986,0.990016,6.621789236975712e+18
125.0,0.5,True,0.998,29.09252825521316,0.982032,5.802696040890028e+18
150.0,0.5,True,0.994,24.30832757042282,0.9642356639999999,5.077231160598694e+18
175.0,0.5,True,1.0,20.20778354282536,0.938336,4.5556438846311834e+18
200.0,0.5,True,0.992,15.136048308098573,0.901942272,4.4066824445920507e+18
225.0,0.5,True,0.984,13.752485206939213,0.8625744,3.7675071739102863e+18
250.0,0.5,True,0.982,13.428571638255306,0.8351006559999999,3.173317375194785e+18
275.0,0.5,True,0.964,8.602055794501002,0.8068101599999999,3.372084207080471e+18
300.0,0.5,True,0.944,7.345702487604516,0.7524812799999999,2.9651853586626657e+18
325.0,0.5,True,0.94,4.481861504758893,0.7046841599999999,2.919533122380265e+18
350.0,0.5,True,0.948,3.1051994354758676,0.6537938879999999,2.6546855751996713e+18
375.0,0.5,True,0.948,1.8138067273683482,0.647169264,2.593763717838462e+18
400.0,0.5,True,0.932,1.077667272478159,0.677549088,2.606038740129834e+18
425.0,0.5,True,0.934,-1.5705471827098805,0.683026728,2.9460931722978606e+18
450.0,0.5,True,0.938,-3.049063578580835,0.680053752,3.064653870512544e+18
475.0,0.5,True,0.934,-2.4532058653209496,0.6904128,2.735241978430182e+18
500.0,0.5,True,0.914,-4.377831329024497,0.645971328,2.832283239562331e+18
525.0,0.5,True,0.906,-5.6214022534209676,0.673183368,3.119367159894608e+18
550.0,0.5,True,0.916,-6.096679773311539,0.6416983039999999,2.92821185296607e+18
575.0,0.5,True,0.916,-7.250841747956068,0.6727104,3.2834792831923456e+18
600.0,0.5,True,0.912,-7.679705226478077,0.6166068480000001,2.984056393280433e+18
625.0,0.5,True,0.914,-9.412391999806447,0.6484135360000001,3.7197168093193303e+18
650.0,0.5,True,0.934,-9.11161129762341,0.6322283360000001,3.2918570741379866e+18
675.0,0.5,True,0.912,-9.808970334579064,0.651518208,3.5540593656610806e+18
700.0,0.5,True,0.884,-10.074707214809388,0.6245990400000001,3.3698391503243167e+18
725.0,0.5,True,0.92,-10.480371307215265,0.60914304,3.3322065371056415e+18
750.0,0.5,True,0.938,-10.992615436294226,0.648668272,3.678348585795412e+18
775.0,0.5,True,0.932,-11.391510390146129,0.6049574719999999,3.5088389412787016e+18
800.0,0.5,True,0.932,-11.9163153100621,0.586667904,3.579128045894329e+18
100.0,0.6000000000000001,True,0.998,42.275293800252555,0.996004,7.533966947209571e+18
125.0,0.6000000000000001,True,1.0,35.263064139088485,0.988,6.425451529989719e+18
150.0,0.6000000000000001,True,1.0,27.53753913207148,0.974,6.066630789467324e+18
175.0,0.6000000000000001,True,0.998,24.736647682565454,0.976115856,5.308045899108897e+18
200.0,0.6000000000000001,True,0.996,21.213559882027155,0.950271648,4.804208358735106e+18
225.0,0.6000000000000001,True,0.984,19.370326539832732,0.892180992,4.06618811543861e+18
250.0,0.6000000000000001,True,0.992,15.755806448255854,0.89873216,4.058202370093862e+18
275.0,0.6000000000000001,True,0.98,10.690600244198048,0.8536388,4.219498812339635e+18
300.0,0.6000000000000001,True,0.982,10.114014261171494,0.8385730079999999,3.7588028225828726e+18
325.0,0.6000000000000001,True,0.974,8.738824448771101,0.8117900399999999,3.4761430549565614e+18
350.0,0.6000000000000001,True,0.958,7.204161322946952,0.75482736,3.1535760324869755e+18
375.0,0.6000000000000001,True,0.958,5.748440651940488,0.7546357599999999,3.1002204036020106e+18
400.0,0.6000000000000001,True,0.936,4.677193341587895,0.7273543680000001,2.9030077414258217e+18
425.0,0.6000000000000001,True,0.946,4.549707412269818,0.6999529680000001,2.5813606653971973e+18
450.0,0.6000000000000001,True,0.962,1.58110814349412,0.678279264,2.7970390554496077e+18
475.0,0.6000000000000001,True,0.942,0.2964879916228611,0.6673504800000001,2.7936892191897226e+18
500.0,0.6000000000000001,True,0.914,-0.6568446351057773,0.6876936,2.8768107691361065e+18
525.0,0.6000000000000001,True,0.93,-1.5730819464866066,0.7031878800000001,2.9523790054455547e+18
550.0,0.6000000000000001,True,0.932,-2.11055701281564,0.691678208,2.8426940850968837e+18
575.0,0.6000000000000001,True,0.932,-3.52733765191158,0.686429184,2.998819460277789e+18
600.0,0.6000000000000001,True,0.928,-4.570913942393984,0.6293621760000001,2.856883537946305e+18
625.0,0.6000000000000001,True,0.906,-4.6957657736875476,0.6599448960000001,2.863628808181167e+18
650.0,0.6000000000000001,True,0.91,-5.428873144149305,0.659022,2.9136978370885176e+18
675.0,0.6000000000000001,True,0.918,-5.863574071377339,0.6200429040000001,2.721506631273395e+18
700.0,0.6000000000000001,True,0.904,-6.767636157091692,0.651451328,3.0013769390791404e+18
725.0,0.6000000000000001,True,0.92,-7.119477300939089,0.63474112,2.9000862325390495e+18
750.0,0.6000000000000001,True,0.904,-8.559760823452711,0.636936704,3.3169870358724285e+18
775.0,0.6000000000000001,True,0.946,-8.244789611061805,0.68180112,3.2577143308638776e+18
800.0,0.6000000000000001,True,0.898,-9.362549417478471,0.635036864,3.3737541149347087e+18
100.0,0.7000000000000001,True,1.0,45.77482882659801,0.998,8.763900567760298e+18
125.0,0.7000000000000001,True,1.0,41.465784326887466,0.994,6.944733369912497e+18
150.0,0.7000000000000001,True,1.0,32.327763579638464,0.992,6.741821466772134e+18
175.0,0.7000000000000001,True,1.0,31.355965120742027,0.976044,5.437905996490333e+18
200.0,0.7000000000000001,True,0.998,23.40646210119639,0.984051952,5.800172144265101e+18
225.0,0.7000000000000001,True,0.994,21.33899010976527,0.950347496,5.072836331897679e+18
250.0,0.7000000000000001,True,0.994,18.386156614193183,0.9386342,4.801510647863641e+18
275.0,0.7000000000000001,True,0.986,16.640006309938116,0.906086672,4.326646494861923e+18
300.0,0.7000000000000001,True,0.982,14.431606743719733,0.885591168,4.0914681018851374e+18
325.0,0.7000000000000001,True,0.978,12.444794588012606,0.855257088,3.8473061316524585e+18
350.0,0.7000000000000001,True,0.978,10.972372458168671,0.840673152,3.643294998489952e+18
375.0,0.7000000000000001,True,0.982,8.64715434181337,0.82187508,3.6256456242716216e+18
400.0,0.7000000000000001,True,0.96,7.936238319795315,0.79723008,3.328877079237306e+18
425.0,0.7000000000000001,True,0.948,7.11187517106546,0.749519136,3.00132402534391e+18
450.0,0.7000000000000001,True,0.93,4.995980665726911,0.7238376,3.0175651477434045e+18
475.0,0.7000000000000001,True,0.956,4.3864758747128185,0.719822112,2.883216537780725e+18
500.0,0.7000000000000001,True,0.946,4.474238482541171,0.6932288,2.5676764238772854e+18
525.0,0.7000000000000001,True,0.936,1.7883703418336943,0.6774655680000001,2.7877259471011154e+18
550.0,0.7000000000000001,True,0.936,0.7462423817376553,0.6616097280000001,2.743684412003463e+18
575.0,0.7000000000000001,True,0.944,0.19985992679997722,0.668038592,2.708316871692796e+18
600.0,0.7000000000000001,True,0.94,-0.4537997240588645,0.7020446399999999,2.816395201581657e+18
625.0,0.7000000000000001,True,0.938,-2.129230791296955,0.6927842879999999,3.0021321044483625e+18
650.0,0.7000000000000001,True,0.93,-3.247968298657444,0.65162496,2.945106294764368e+18
675.0,0.7000000000000001,True,0.946,-3.425526699780047,0.68108216,2.9672707305578885e+18
700.0,0.7000000000000001,True,0.934,-4.283135957614194,0.66956592,3.0030281203566986e+18
725.0,0.7000000000000001,True,0.91,-4.160131038078266,0.67762968,2.8608806226413036e+18
750.0,0.7000000000000001,True,0.918,-4.97843582623752,0.681934464,2.9743374684867057e+18
775.0,0.7000000000000001,True,0.908,-5.474354476951682,0.65136288,2.85522886028211e+18
800.0,0.7000000000000001,True,0.924,-6.793601391335043,0.64576512,3.1252804087984717e+18
100.0,0.8,True,0.998,49.22092791655119,0.998,9.917879483311358e+18
125.0,0.8,True,1.0,44.191003715959,0.998,7.982272425393763e+18
150.0,0.8,True,1.0,30.87478565966059,0.996,8.626948520604178e+18
175.0,0.8,True,0.998,30.431633916901212,0.992012,6.939032639306853e+18
200.0,0.8,True,0.996,29.546762874861287,0.98604,5.822559913486409e+18
225.0,0.8,True,0.998,24.08591819312599,0.968163792,5.733174116835405e+18
250.0,0.8,True,1.0,20.43446051316581,0.9520919999999999,5.504055766298392e+18
275.0,0.8,True,0.998,19.06927466869753,0.946295616,5.013911987291057e+18
300.0,0.8,True,0.98,17.43894041269943,0.9138303999999999,4.549357075773128e+18
325.0,0.8,True,0.996,15.035925847891171,0.9111009600000001,4.4623294722986737e+18
350.0,0.8,True,0.988,13.092009152346002,0.900558048,4.317613849237008e+18
375.0,0.8,True,0.978,11.10651303310543,0.853504512,4.065542625500172e+18
400.0,0.8,True,0.99,11.310394953534974,0.8506555199999999,3.6574196922846034e+18
425.0,0.8,True,0.97,9.381647456067792,0.8228703999999999,3.5684091100167224e+18
450.0,0.8,True,0.96,8.625242369189884,0.8042496,3.3425337531773e+18
475.0,0.8,True,0.956,6.9728260164231095,0.7739699519999999,3.256101898769888e+18
500.0,0.8,True,0.95,4.779807581460126,0.7431773999999999,3.30111761497352e+18
525.0,0.8,True,0.94,4.693113722487407,0.7115988,2.965236351213751e+18
550.0,0.8,True,0.954,4.96125145334895,0.71555724,2.747098379466539e+18
575.0,0.8,True,0.95,2.3533538122876685,0.7006098,2.981058852384144e+18
600.0,0.8,True,0.946,2.198752136305771,0.679220432,2.7506048436820383e+18
625.0,0.8,True,0.95,0.49222065222734557,0.678091,2.923741713379884e+18
650.0,0.8,True,0.94,0.7550404877613168,0.6798455999999999,2.7221830544516946e+18
675.0,0.8,True,0.924,-1.3061075398954642,0.699719328,3.10942047081577e+18
700.0,0.8,True,0.928,-1.1786001656001126,0.7199424,3.010389522070183e+18
725.0,0.8,True,0.934,-2.9798084041674784,0.691115168,3.200562933908053e+18
750.0,0.8,True,0.938,-2.9499143888121395,0.667503312,2.9415202197479823e+18
775.0,0.8,True,0.944,-3.86289169000748,0.6615552,3.025774224590914e+18
800.0,0.8,True,0.932,-3.826006080578221,0.656989168,2.866231235929921e+18
100.0,0.9,True,1.0,55.55781970537707,0.998,1.0377305670418946e+19
125.0,0.9,True,1.0,44.10332708986313,1.0,9.563462991182742e+18
150.0,0.9,True,1.0,37.97824584303733,0.996,8.461400888414155e+18
175.0,0.9,True,1.0,34.89727653709842,0.994,7.305089341650626e+18
200.0,0.9,True,1.0,31.77716848177129,0.99,6.529785184534297e+18
225.0,0.9,True,1.0,30.51128176426147,0.982032,5.658065492418266e+18
250.0,0.9,True,0.998,24.93159822152279,0.978103872,5.759931925098945e+18
275.0,0.9,True,1.0,23.559278975729043,0.9660639999999999,5.188198210482449e+18
300.0,0.9,True,0.994,19.89597662644089,0.95233152,5.142721887894026e+18
325.0,0.9,True,0.994,17.9669588434066,0.9326026079999999,4.831502609443375e+18
350.0,0.9,True,0.99,19.08290522125965,0.91952388,4.098531967802466e+18
375.0,0.9,True,0.99,15.102936035474208,0.9234284399999999,4.37831051221456e+18
400.0,0.9,True,0.986,16.482244752428258,0.885554208,3.612230863900056e+18
425.0,0.9,True,0.976,12.824984984296975,0.853508096,3.7401329371109253e+18
450.0,0.9,True,0.976,11.882419906272052,0.840172032,3.544694364754985e+18
475.0,0.9,True,0.984,10.417419709362687,0.8359355519999999,3.504141120436851e+18
500.0,0.9,True,0.978,9.225119610297643,0.826366968,3.419658083150476e+18
525.0,0.9,True,0.952,6.809267272918909,0.7964013119999999,3.5004286293672223e+18
550.0,0.9,True,0.964,6.818072259722797,0.763171808,3.139345633646746e+18
575.0,0.9,True,0.932,5.894457280668814,0.7368913920000001,3.0007542361694623e+18
600.0,0.9,True,0.948,4.170275460762703,0.7461707999999999,3.17362010163247e+18
625.0,0.9,True,0.956,3.6751131988198225,0.721011376,2.987221066850886e+18
650.0,0.9,True,0.95,3.2374394462251317,0.7133778,2.877122674328658e+18
675.0,0.9,True,0.948,2.6220772794723004,0.6981678720000001,2.780962380537994e+18
700.0,0.9,True,0.958,0.4815240890463386,0.687046944,3.019775194608129e+18
725.0,0.9,True,0.942,-1.1486837897782962,0.6874716,3.2590696481925376e+18
750.0,0.9,True,0.932,0.1696131488551842,0.65940864,2.694916560502555e+18
775.0,0.9,True,0.95,-1.5205633426728014,0.7016471999999999,3.124809102264648e+18
800.0,0.9,True,0.934,0.1713647711280899,0.7129222000000001,2.664691436688353e+18
100.0,1.0,True,1.0,62.33845693448737,1.0,1.0705460276193511e+19
125.0,1.0,True,1.0,52.69125474180616,1.0,9.275749798872824e+18
150.0,1.0,True,1.0,45.85414209096706,0.998,8.202999272724262e+18
175.0,1.0,True,0.998,39.75802825955589,0.996004,7.548632388324322e+18
200.0,1.0,True,0.998,33.11761250307213,0.992012,7.375075769297357e+18
225.0,1.0,True,1.0,28.527515481434655,0.996,7.137373158712519e+18
250.0,1.0,True,0.998,30.46949768306932,0.980036,5.677994456338141e+18
275.0,1.0,True,0.996,24.416307369197526,0.98406792,6.01145111701157e+18
300.0,1.0,True,0.998,21.993471145060923,0.960147856,5.623416123705363e+18
325.0,1.0,True,0.996,22.644517985894296,0.960211728,4.894436937288499e+18
350.0,1.0,True,0.998,20.48891491880179,0.954171832,4.723938055275789e+18
375.0,1.0,True,0.986,18.458057794560062,0.9290249759999999,4.4988455206271764e+18
400.0,1.0,True,0.996,14.993423813509182,0.9149176320000001,4.652873603954229e+18
425.0,1.0,True,0.992,14.495839750822455,0.9215402239999999,4.3902236767635543e+18
450.0,1.0,True,0.99,15.891167992890352,0.87734592,3.629637051146474e+18
475.0,1.0,True,0.982,13.510197092700906,0.856131168,3.63499165506304e+18
500.0,1.0,True,0.988,12.218307942020154,0.85379008,3.5750113918267325e+18
525.0,1.0,True,0.978,10.263299348608598,0.8443073999999999,3.623924140222194e+18
550.0,1.0,True,0.972,7.8759093256008015,0.8351890559999999,3.796956441519917e+18
575.0,1.0,True,0.964,7.381099946992606,0.8108435359999999,3.5565926213168993e+18
600.0,1.0,True,0.956,7.1774273114918365,0.7792355999999999,3.255604165210117e+18
625.0,1.0,True,0.948,6.097939218439347,0.7485407999999999,3.13838148166508e+18
650.0,1.0,True,0.944,5.320506970976567,0.7478368,3.105672588695911e+18
675.0,1.0,True,0.94,4.843251903643051,0.73623808,2.9845291462955064e+18
700.0,1.0,True,0.958,4.106264192654649,0.7327512079999999,2.95412942247001e+18
725.0,1.0,True,0.946,3.1630932825564457,0.733914368,2.9918387923307136e+18
750.0,1.0,True,0.952,2.606933222873014,0.691734624,2.790296252115888e+18
775.0,1.0,True,0.954,1.8624374105193802,0.6817284,2.7633604640521605e+18
800.0,1.0,True,0.944,0.8970407750313854,0.6868090880000001,2.85136487984531e+18
100.0,1.1,True,1.0,66.60312613373121,1.0,1.1449805363174185e+19
125.0,1.1,True,1.0,56.80161747326041,0.998,9.834137876493113e+18
150.0,1.1,True,1.0,40.081238291859506,1.0,1.0881718616011629e+19
175.0,1.1,True,1.0,39.24612691628344,0.996,8.821856759045526e+18
200.0,1.1,True,1.0,34.54104691823204,0.998,8.227004681615609e+18
225.0,1.1,True,0.998,33.96401683992679,0.994008,7.007831547541986e+18
250.0,1.1,True,0.998,26.064966958948247,0.986024,7.558172091776288e+18
275.0,1.1,True,0.998,30.38729796019846,0.980036,5.716331055472818e+18
300.0,1.1,True,0.998,25.200083773083755,0.982059944,5.942277549366268e+18
325.0,1.1,True,0.998,26.085466467127546,0.972139824,5.088647020764554e+18
350.0,1.1,True,1.0,20.4895180440991,0.9560839999999999,5.460758578694913e+18
375.0,1.1,True,0.998,19.87814785688603,0.960267616,5.0808170192775e+18
400.0,1.1,True,0.99,18.269462723158227,0.9405950399999999,4.825386191832625e+18
425.0,1.1,True,0.992,19.33383096397437,0.913211392,4.122241312459338e+18
450.0,1.1,True,0.998,15.71342519836766,0.911209928,4.381612230691226e+18
475.0,1.1,True,0.992,15.368392587448348,0.9177864959999998,4.1460667574466995e+18
500.0,1.1,True,0.988,15.106867211688396,0.88289656,3.749653657543423e+18
525.0,1.1,True,0.98,11.595023464117773,0.8721804,4.048743278318224e+18
550.0,1.1,True,0.974,11.537120330103608,0.851911048,3.713168096068884e+18
575.0,1.1,True,0.982,13.112798216359018,0.84395044,3.2113345204271877e+18
600.0,1.1,True,0.98,9.472256866703852,0.827904,3.533655785462484e+18
625.0,1.1,True,0.972,8.848104869821519,0.8026737119999999,3.340809514749187e+18
650.0,1.1,True,0.966,8.883110437618058,0.788256,3.0999008530586127e+18
675.0,1.1,True,0.956,5.759259377654509,0.7663143039999999,3.394424193713775e+18
700.0,1.1,True,0.952,5.466205579871712,0.7490716799999999,3.208735268033742e+18
725.0,1.1,True,0.944,5.6264152930758335,0.733759872,2.9655061452898145e+18
750.0,1.1,True,0.956,3.950561460511313,0.7239290879999999,3.0894757123935524e+18
775.0,1.1,True,0.958,4.676751543887853,0.7158176,2.791473049605727e+18
800.0,1.1,True,0.952,3.9618657364310472,0.694662976,2.709731018773105e+18
100.0,1.2000000000000002,True,1.0,76.1504280192855,1.0,1.115204379683971e+19
125.0,1.2000000000000002,True,1.0,49.651875739161525,1.0,1.300004686453641e+19
150.0,1.2000000000000002,True,1.0,49.75940896121257,1.0,9.910246498547276e+18
175.0,1.2000000000000002,True,1.0,43.312176749755785,0.996,9.099172995376453e+18
200.0,1.2000000000000002,True,1.0,36.164281166253076,0.996,8.952581445577514e+18
225.0,1.2000000000000002,True,1.0,35.269957826304186,0.992,7.687957813176274e+18
250.0,1.2000000000000002,True,0.998,31.984480125671773,0.992012,7.227276089785271e+18
275.0,1.2000000000000002,True,1.0,26.76830227920876,0.992,7.372657416246767e+18
300.0,1.2000000000000002,True,1.0,29.013663706643733,0.986,6.020156774595863e+18
325.0,1.2000000000000002,True,1.0,24.06601725672175,0.984028,6.277029517912749e+18
350.0,1.2000000000000002,True,0.998,22.154919852667675,0.972139824,5.955387310492333e+18
375.0,1.2000000000000002,True,1.0,22.581518950051596,0.9640679999999999,5.267475513637971e+18
400.0,1.2000000000000002,True,0.994,19.583688919974122,0.960267616,5.335912108256896e+18
425.0,1.2000000000000002,True,0.994,19.80544393378637,0.9484429919999999,4.791724353283957e+18
450.0,1.2000000000000002,True,0.99,19.87213317479344,0.92884968,4.314066390322631e+18
475.0,1.2000000000000002,True,0.994,15.953146433297896,0.9231476799999999,4.636243950018456e+18
500.0,1.2000000000000002,True,0.998,15.458334452121008,0.923018264,4.4003283381278157e+18
525.0,1.2000000000000002,True,0.99,15.3270525622627,0.9137620799999999,4.0878674619728317e+18
550.0,1.2000000000000002,True,0.992,14.845462145762376,0.875515392,3.743783245036886e+18
575.0,1.2000000000000002,True,0.98,11.702653538896755,0.87230976,4.037128555185351e+18
600.0,1.2000000000000002,True,0.98,12.520304237248531,0.8530116,3.5790703147720817e+18
625.0,1.2000000000000002,True,0.984,10.577896926729458,0.8387379839999999,3.6449060656011023e+18
650.0,1.2000000000000002,True,0.976,10.036846303947762,0.8425808,3.560076752614805e+18
675.0,1.2000000000000002,True,0.978,9.968625696904382,0.8313782399999999,3.343801542066692e+18
700.0,1.2000000000000002,True,0.958,8.25664631436959,0.8057967919999999,3.364994220152835e+18
725.0,1.2000000000000002,True,0.954,6.511594721815861,0.81097632,3.549064541575716e+18
750.0,1.2000000000000002,True,0.948,7.71314991900228,0.7578804959999998,2.960854332794542e+18
775.0,1.2000000000000002,True,0.942,4.781451220063907,0.7579708799999999,3.3466346938656845e+18
800.0,1.2000000000000002,True,0.948,4.537236165744183,0.738256896,3.1665391739804657e+18
100.0,1.3,True,1.0,74.0953217887468,1.0,1.2988901124278905e+19
125.0,1.3,True,1.0,56.714188756449076,1.0,1.2681591424039694e+19
150.0,1.3,True,1.0,51.79718739278543,0.998,1.0680736453996593e+19
175.0,1.3,True,1.0,43.40135720263455,1.0,1.0279423975301659e+19
200.0,1.3,True,1.0,42.29625161639195,0.998,8.658847211412938e+18
225.0,1.3,True,0.998,38.537084779882136,0.998,8.001291347948e+18
250.0,1.3,True,1.0,35.230542958626636,0.996,7.471396873833771e+18
275.0,1.3,True,1.0,29.927835301804485,0.992,7.536687629184569e+18
300.0,1.3,True,0.998,28.716906629885422,0.990016,6.878162828440771e+18
325.0,1.3,True,0.998,29.229294802164794,0.984051952,5.994157906672322e+18
350.0,1.3,True,0.998,25.803243954385046,0.976115856,5.953246281360384e+18
375.0,1.3,True,0.998,23.966113588868332,0.978075928,5.743348837478999e+18
400.0,1.3,True,1.0,22.684166178976888,0.960144,5.372421895776812e+18
425.0,1.3,True,0.998,20.10271136323862,0.9501878159999999,5.352865298968235e+18
450.0,1.3,True,1.0,20.578540011927416,0.952,4.856026823663904e+18
475.0,1.3,True,0.992,18.308717291728897,0.93248,4.80105544813394e+18
500.0,1.3,True,0.984,16.795521174147368,0.917454048,4.665383288872501e+18
525.0,1.3,True,0.984,16.41687799371443,0.909971712,4.385728735235684e+18
550.0,1.3,True,0.994,14.492975927635385,0.9273026,4.539780894642583e+18
575.0,1.3,True,0.994,14.779679985777456,0.913875648,4.1503733031995684e+18
600.0,1.3,True,0.988,11.400133833220519,0.885429792,4.41516801267956e+18
625.0,1.3,True,0.976,11.104259075547574,0.870256256,4.156540055497426e+18
650.0,1.3,True,0.978,11.069321688322596,0.8528316479999999,3.862229806191865e+18
675.0,1.3,True,0.99,12.502515626655025,0.8448818399999999,3.3923898317164897e+18
700.0,1.3,True,0.98,12.15176387786542,0.8512672,3.302490414610717e+18
725.0,1.3,True,0.968,10.160053448581184,0.830203264,3.3762837449735383e+18
750.0,1.3,True,0.966,8.597697930974778,0.82164096,3.4528187123666714e+18
775.0,1.3,True,0.962,5.6697077417803925,0.796258944,3.760209028164385e+18
800.0,1.3,True,0.962,5.096462590640936,0.7828063359999999,3.6601134099334246e+18
100.0,1.4000000000000001,True,1.0,75.34625267771389,1.0,1.423134804991109e+19
125.0,1.4000000000000001,True,1.0,58.70534914222219,1.0,1.3638228185060266e+19
150.0,1.4000000000000001,True,1.0,49.104693269489744,1.0,1.2666234214350045e+19
175.0,1.4000000000000001,True,1.0,47.23586341575184,0.998,1.04983898979102e+19
200.0,1.4000000000000001,True,1.0,45.178199196887604,1.0,9.06036926371119e+18
225.0,1.4000000000000001,True,1.0,36.74017437245027,1.0,9.38895385138875e+18
250.0,1.4000000000000001,True,1.0,36.18969329298319,0.996,8.136971748641261e+18
275.0,1.4000000000000001,True,1.0,30.473442880333153,0.992,8.286616711553411e+18
300.0,1.4000000000000001,True,0.998,30.730946066720932,0.994008,7.262853068086934e+18
325.0,1.4000000000000001,True,1.0,27.414334416742385,0.994,7.158870331267894e+18
350.0,1.4000000000000001,True,1.0,26.631320329040918,0.97804,6.48953996824884e+18
375.0,1.4000000000000001,True,0.998,24.949014444826993,0.980036,6.221692382013094e+18
400.0,1.4000000000000001,True,0.996,24.10967172867676,0.984079872,5.857881427982051e+18
425.0,1.4000000000000001,True,1.0,21.99995681717266,0.972096,5.71018761277283e+18
450.0,1.4000000000000001,True,0.998,20.209691089522117,0.960147856,5.548911410059458e+18
475.0,1.4000000000000001,True,0.996,20.22356397895087,0.960211728,5.135311833032088e+18
500.0,1.4000000000000001,True,0.998,18.189941946782696,0.95616384,5.139031616883476e+18
525.0,1.4000000000000001,True,0.992,19.387370101323192,0.934678272,4.4758099506239677e+18
550.0,1.4000000000000001,True,0.982,16.82530286829953,0.9351114639999999,4.637995560583502e+18
575.0,1.4000000000000001,True,0.994,15.266631845746367,0.9194102399999999,4.5701327330601544e+18
600.0,1.4000000000000001,True,0.994,15.776832054892672,0.9175415199999999,4.204266915277401e+18
625.0,1.4000000000000001,True,0.99,15.874810894702925,0.9063331199999999,3.9056655585264983e+18
650.0,1.4000000000000001,True,0.99,15.661110439190367,0.88688952,3.650284505131192e+18
675.0,1.4000000000000001,True,0.978,12.938613625102555,0.866277192,3.810317560865272e+18
700.0,1.4000000000000001,True,0.98,10.265153384761586,0.84917784,4.031291751117167e+18
725.0,1.4000000000000001,True,0.982,9.826320716881781,0.85072624,3.931606007656973e+18
750.0,1.4000000000000001,True,0.98,11.606179075032902,0.860832,3.479571302111841e+18
775.0,1.4000000000000001,True,0.976,10.037696377490004,0.835334976,3.4827861341064474e+18
800.0,1.4000000000000001,True,0.98,9.677729318873713,0.82911136,3.369014367499273e+18
100.0,1.5,True,1.0,82.38140434241824,1.0,1.4184521669235059e+19
125.0,1.5,True,1.0,65.32995341407853,1.0,1.3398522178395746e+19
150.0,1.5,True,1.0,55.74355225158651,0.998,1.2217031755977568e+19
175.0,1.5,True,1.0,49.198425199769176,0.998,1.1151279361951728e+19
200.0,1.5,True,1.0,45.57991617099162,0.998,9.936158816004794e+18
225.0,1.5,True,1.0,41.846335273044815,0.998,9.131825927191577e+18
250.0,1.5,True,1.0,34.31030972360867,0.998,9.515692932846348e+18
275.0,1.5,True,1.0,33.78209816095718,0.996,8.388948646905091e+18
300.0,1.5,True,1.0,33.37038290455507,0.996,7.479636911364762e+18
325.0,1.5,True,1.0,30.214241491925833,0.99,7.255415171295611e+18
350.0,1.5,True,0.998,26.36024964447182,0.990016,7.349237166617916e+18
375.0,1.5,True,0.996,29.52445422108771,0.984048,5.99071055741179e+18
400.0,1.5,True,1.0,27.67367506564932,0.966,5.675641813636736e+18
425.0,1.5,True,0.996,24.245106572806804,0.980091888,5.905113490266131e+18
450.0,1.5,True,0.998,21.127644759117693,0.976115856,6.047992206125994e+18
475.0,1.5,True,0.998,22.177163676062293,0.964131872,5.325812287125116e+18
500.0,1.5,True,0.994,20.438666630480647,0.966219688,5.285644472959426e+18
525.0,1.5,True,0.996,19.333713321291356,0.9541679999999999,5.077702201501591e+18
550.0,1.5,True,0.998,18.523544688059005,0.9462037999999999,4.864369977935624e+18
575.0,1.5,True,0.994,18.50246311206368,0.9228256240000001,4.459612904416351e+18
600.0,1.5,True,0.992,17.250650308573242,0.91726272,4.38737915489848e+18
625.0,1.5,True,0.988,16.049495683733795,0.92138904,4.3715023764744084e+18
650.0,1.5,True,0.992,14.409773440568372,0.9196633599999999,4.4289470183299476e+18
675.0,1.5,True,0.988,14.21373123380885,0.910220688,4.1942387094343404e+18
700.0,1.5,True,0.992,13.125653419006085,0.892673024,4.104407398921278e+18
725.0,1.5,True,0.988,10.704945289691143,0.8795531679999999,4.31592736505564e+18
750.0,1.5,True,0.986,11.345421253933413,0.850705024,3.861250688311703e+18
775.0,1.5,True,0.976,11.14935735899573,0.86274496,3.777632487304458e+18
800.0,1.5,True,0.984,12.642389566778483,0.848794464,3.3159689843691663e+18
100.0,1.6,True,1.0,88.9272760686584,1.0,1.4239162258138874e+19
125.0,1.6,True,1.0,70.55074446835424,1.0,1.3502500741490602e+19
150.0,1.6,True,1.0,56.125736645583984,1.0,1.3384417898406124e+19
175.0,1.6,True,1.0,56.04228626619056,1.0,1.0685597414254717e+19
200.0,1.6,True,1.0,45.532761956392974,0.998,1.0957972025029884e+19
225.0,1.6,True,1.0,41.22272559990675,1.0,1.0234629692778744e+19
250.0,1.6,True,1.0,38.46739415703867,1.0,9.403851779609244e+18
275.0,1.6,True,1.0,35.08334454212848,0.996,8.91613796731124e+18
300.0,1.6,True,1.0,34.95563618765745,0.996,7.885980881275695e+18
325.0,1.6,True,0.998,32.94122535521892,0.994008,7.413263139286665e+18
350.0,1.6,True,1.0,29.310789015979807,0.992,7.39538057413085e+18
375.0,1.6,True,1.0,27.892025221794427,0.992,6.996028258006056e+18
400.0,1.6,True,1.0,27.14743884377907,0.988,6.502324997779865e+18
425.0,1.6,True,1.0,27.416327835436007,0.9800639999999999,5.863608546777182e+18
450.0,1.6,True,0.998,22.818587892567848,0.980091888,6.297555213736758e+18
475.0,1.6,True,1.0,22.811724978196885,0.97608,5.808311253840073e+18
500.0,1.6,True,1.0,21.764805330395653,0.9680599999999999,5.558363886648248e+18
525.0,1.6,True,0.998,21.82332285097526,0.9481958079999999,5.069943460137865e+18
550.0,1.6,True,0.996,20.217256094967176,0.96418776,5.119379415743224e+18
575.0,1.6,True,0.994,20.323193941272663,0.948276,4.710377850761581e+18
600.0,1.6,True,0.996,17.74434886351954,0.9343675199999999,4.827198135924532e+18
625.0,1.6,True,0.99,16.396214405415584,0.9188586000000001,4.734170717549428e+18
650.0,1.6,True,0.992,17.351468799595878,0.9211910399999998,4.321411110692873e+18
675.0,1.6,True,0.996,16.1967725014007,0.92500512,4.3150869452513193e+18
700.0,1.6,True,0.996,15.243523813167236,0.9155630399999999,4.225879239550633e+18
725.0,1.6,True,0.992,15.723435298267063,0.912036864,3.9287118460305705e+18
750.0,1.6,True,0.992,12.646708084953453,0.871658496,4.100535029221199e+18
775.0,1.6,True,0.982,11.966654407345171,0.87189816,4.045516513032824e+18
800.0,1.6,True,0.98,11.67645891492927,0.8451519999999999,3.8049925107850644e+18
100.0,1.7000000000000002,True,1.0,86.33004505097517,1.0,1.6169582826862914e+19
125.0,1.7000000000000002,True,1.0,73.84685880235294,1.0,1.4015740394073879e+19
150.0,1.7000000000000002,True,1.0,66.82051668468067,1.0,1.2035291382542715e+19
175.0,1.7000000000000002,True,1.0,54.052970419948295,1.0,1.2177586947536007e+19
200.0,1.7000000000000002,True,1.0,48.61758074530721,1.0,1.1223483163573225e+19
225.0,1.7000000000000002,True,1.0,45.93301009161448,0.998,1.000946161318794e+19
250.0,1.7000000000000002,True,1.0,41.55693530378969,0.998,9.51447539256104e+18
275.0,1.7000000000000002,True,1.0,34.1833988586702,1.0,1.0049441721561194e+19
300.0,1.7000000000000002,True,0.998,35.844264801512224,0.994008,8.414535795559861e+18
325.0,1.7000000000000002,True,1.0,32.497733027064164,0.998,8.255124820023761e+18
350.0,1.7000000000000002,True,0.998,30.897772640727162,0.992012,7.723674290769989e+18
375.0,1.7000000000000002,True,1.0,28.074678967668618,0.99,7.603064943637278e+18
400.0,1.7000000000000002,True,1.0,25.789171265458947,0.992,7.470674112577115e+18
425.0,1.7000000000000002,True,1.0,25.805060736356353,0.986,6.804598980694865e+18
450.0,1.7000000000000002,True,1.0,26.387561579461625,0.974048,6.078902131328769e+18
475.0,1.7000000000000002,True,1.0,24.300784327806078,0.984028,6.092454559373541e+18
500.0,1.7000000000000002,True,0.998,21.233194331851266,0.976115856,6.257267131924228e+18
525.0,1.7000000000000002,True,0.998,22.31146882841832,0.970151808,5.583144128634964e+18
550.0,1.7000000000000002,True,0.998,21.576149694575143,0.964131872,5.333813246216046e+18
575.0,1.7000000000000002,True,0.994,19.04754004105063,0.954315544,5.448140030077929e+18
600.0,1.7000000000000002,True,0.996,20.970666164863623,0.96418776,4.823927612504816e+18
625.0,1.7000000000000002,True,1.0,18.16488419254881,0.9540879999999999,5.013782276719579e+18
650.0,1.7000000000000002,True,0.988,19.8486171917177,0.9329683999999999,4.349885900163957e+18
675.0,1.7000000000000002,True,0.988,18.17959114686345,0.91332696,4.3074769496676695e+18
700.0,1.7000000000000002,True,0.99,18.473142733018015,0.9174765599999999,4.0663027197654246e+18
725.0,1.7000000000000002,True,0.994,14.954489843580077,0.9232391279999999,4.500085500105576e+18
750.0,1.7000000000000002,True,0.994,14.185303582635846,0.9293104799999999,4.4683618370951224e+18
775.0,1.7000000000000002,True,0.99,13.834828833871839,0.9042264,4.2196711926066524e+18
800.0,1.7000000000000002,True,0.992,15.329531969048055,0.881181696,3.6887223858585247e+18
100.0,1.8,True,1.0,102.02965124910438,1.0,1.43291402208978e+19
125.0,1.8,True,1.0,79.01660662524012,1.0,1.4090258909280004e+19
150.0,1.8,True,1.0,62.40939769485826,1.0,1.4179483904271645e+19
175.0,1.8,True,1.0,57.14684977109813,1.0,1.2477657059353313e+19
200.0,1.8,True,1.0,51.0573132605862,0.998,1.1580665186807204e+19
225.0,1.8,True,1.0,46.3796884867225,0.998,1.0795621114734817e+19
250.0,1.8,True,1.0,39.26736487395142,1.0,1.0994658357214863e+19
275.0,1.8,True,1.0,40.628918655939216,0.996,9.213322700436774e+18
300.0,1.8,True,1.0,35.84721524732283,1.0,9.222342374394315e+18
325.0,1.8,True,1.0,37.02954997736323,1.0,7.959565972741092e+18
350.0,1.8,True,1.0,33.032548171293065,0.996,7.943943798030194e+18
375.0,1.8,True,1.0,30.880086421403874,0.99,7.608112125957381e+18
400.0,1.8,True,1.0,26.273642004374594,0.994,8.028114006849225e+18
425.0,1.8,True,0.998,31.173266434153092,0.98802,6.291181553801587e+18
450.0,1.8,True,1.0,27.519095500322805,0.984,6.453203104473204e+18
475.0,1.8,True,1.0,28.12652719584937,0.982,5.850217902664592e+18
500.0,1.8,True,0.998,24.600492311479613,0.980067936,6.084653862048022e+18
525.0,1.8,True,0.998,25.490181829082303,0.978075928,5.501203766912297e+18
550.0,1.8,True,1.0,22.777545510246604,0.970104,5.602703564443121e+18
575.0,1.8,True,1.0,21.940032224415297,0.9580799999999999,5.353536799384838e+18
600.0,1.8,True,0.998,21.570283963132006,0.958155848,5.110292395498253e+18
625.0,1.8,True,0.996,17.2808204108024,0.962199744,5.706178876485032e+18
650.0,1.8,True,0.996,19.541300342928785,0.952259664,4.893788065067268e+18
675.0,1.8,True,0.994,18.07272243627404,0.936459328,4.832223256337464e+18
700.0,1.8,True,0.988,18.08908774232855,0.9310042559999999,4.563808471256707e+18
725.0,1.8,True,0.986,17.65530331773825,0.9270608639999999,4.4031695929421916e+18
750.0,1.8,True,0.992,18.6844128905459,0.9133344,3.9747318656321275e+18
775.0,1.8,True,0.992,14.826976766645764,0.9232504319999999,4.494989016010753e+18
800.0,1.8,True,0.992,14.943593553598532,0.9215402239999999,4.272830394184849e+18
100.0,1.9000000000000001,True,1.0,105.01070529452603,1.0,1.4987148942994651e+19
125.0,1.9000000000000001,True,1.0,75.57296798061556,1.0,1.6113877788243282e+19
150.0,1.9000000000000001,True,1.0,68.57608219520314,1.0,1.3799789986811343e+19
175.0,1.9000000000000001,True,1.0,56.858594791857115,1.0,1.3607969399392385e+19
200.0,1.9000000000000001,True,1.0,47.15820204100574,0.998,1.3668464592249528e+19
225.0,1.9000000000000001,True,1.0,44.74511549869361,0.998,1.2153785796602229e+19
250.0,1.9000000000000001,True,1.0,46.53618886604997,0.998,1.0003925972533338e+19
275.0,1.9000000000000001,True,1.0,40.85798226704199,1.0,9.975208863827438e+18
300.0,1.9000000000000001,True,1.0,38.65934497544594,1.0,9.290933570641232e+18
325.0,1.9000000000000001,True,1.0,35.98346618946574,0.996,8.839559218871947e+18
350.0,1.9000000000000001,True,1.0,37.833312456121405,0.998,7.58011249243814e+18
375.0,1.9000000000000001,True,1.0,31.335468843564527,0.994,8.174198868325134e+18
400.0,1.9000000000000001,True,1.0,29.57514301295209,0.994,7.851266786528812e+18
425.0,1.9000000000000001,True,1.0,27.931119105486374,0.988,7.526332939572142e+18
450.0,1.9000000000000001,True,1.0,26.74795805274603,0.992,7.230558285199699e+18
475.0,1.9000000000000001,True,0.998,27.796123747670094,0.990016,6.462673014229008e+18
500.0,1.9000000000000001,True,1.0,26.465342813358056,0.976,6.179693256298433e+18
525.0,1.9000000000000001,True,1.0,25.779494319063204,0.984048,5.945564714360601e+18
550.0,1.9000000000000001,True,0.996,24.18750762057784,0.982079904,5.858984533239013e+18
575.0,1.9000000000000001,True,0.998,25.123442332673825,0.976115856,5.300316872016484e+18
600.0,1.9000000000000001,True,1.0,23.160039266942285,0.9660639999999999,5.281884225996162e+18
625.0,1.9000000000000001,True,0.994,20.729794706825572,0.960267616,5.408214787715902e+18
650.0,1.9000000000000001,True,0.994,21.60110690419996,0.95233152,4.918341300789104e+18
675.0,1.9000000000000001,True,0.996,19.447195974633757,0.96612,5.126340863298616e+18
700.0,1.9000000000000001,True,0.998,19.961713916667286,0.9620719999999999,4.759262507695096e+18
725.0,1.9000000000000001,True,0.99,17.1131419797903,0.93279384,4.910346275112912e+18
750.0,1.9000000000000001,True,0.99,18.774050914563958,0.9189892800000001,4.3221751400112133e+18
775.0,1.9000000000000001,True,0.99,17.411327039154692,0.9133344,4.331412726948145e+18
800.0,1.9000000000000001,True,0.992,16.80194038172739,0.915409664,4.2587658835662556e+18
100.0,2.0,True,1.0,105.52992781520268,1.0,1.6085460736529582e+19
125.0,2.0,True,1.0,95.15132929745039,1.0,1.3158725686547532e+19
150.0,2.0,True,1.0,68.37139579868557,1.0,1.4955267928112327e+19
175.0,2.0,True,1.0,59.35422195225307,0.998,1.3980479291335932e+19
200.0,2.0,True,1.0,55.162376584402494,1.0,1.2492565013875468e+19
225.0,2.0,True,1.0,53.1785784118817,0.998,1.0923472812981064e+19
250.0,2.0,True,1.0,42.89203183722546,1.0,1.1780072508032348e+19
275.0,2.0,True,1.0,39.05597433885082,1.0,1.1269824555945673e+19
300.0,2.0,True,1.0,43.63548234446031,0.998,8.862602915941122e+18
325.0,2.0,True,1.0,39.5526661086998,1.0,8.736223290313187e+18
350.0,2.0,True,1.0,34.2013553029148,0.996,9.004734702859862e+18
375.0,2.0,True,1.0,32.8426865928569,0.998,8.48697480755665e+18
400.0,2.0,True,1.0,34.286400878525875,0.992,7.384804527782616e+18
425.0,2.0,True,1.0,35.25220793438181,0.992,6.594086549425367e+18
450.0,2.0,True,1.0,29.50480828518321,0.994,7.180158472979344e+18
475.0,2.0,True,1.0,27.997599783264597,0.988,6.921516223711015e+18
500.0,2.0,True,0.998,25.874432084612756,0.982032,6.845339619237281e+18
525.0,2.0,True,1.0,27.936874070636392,0.986024,6.004554987719779e+18
550.0,2.0,True,0.998,25.29090838352137,0.974091912,6.048152998229754e+18
575.0,2.0,True,0.998,25.275813265396373,0.980067936,5.718408606413392e+18
600.0,2.0,True,0.998,22.436925949776708,0.972139824,5.887530594586795e+18
625.0,2.0,True,1.0,20.86558967511042,0.97608,5.907358546703035e+18
650.0,2.0,True,0.998,20.83338311654358,0.960147856,5.507030689585258e+18
675.0,2.0,True,0.996,22.08736859566823,0.9542476799999999,4.961907439812395e+18
700.0,2.0,True,0.996,18.689369616381335,0.962199744,5.396231751343585e+18
725.0,2.0,True,1.0,20.019098703030778,0.964,4.894504199830554e+18
750.0,2.0,True,0.994,19.29498241393503,0.9483634719999999,4.721580972181946e+18
775.0,2.0,True,0.986,18.401548445708627,0.932858544,4.5942191121120415e+18
800.0,2.0,True,0.988,18.383465963576917,0.9211835359999999,4.345290605257832e+18
100.0,2.1,True,1.0,108.31423122933052,1.0,1.6746580164069954e+19
125.0,2.1,True,1.0,84.88803271117895,1.0,1.6285920335072717e+19
150.0,2.1,True,1.0,73.50386603057493,1.0,1.4784320437382855e+19
175.0,2.1,True,1.0,62.83559637699267,1.0,1.413204526066563e+19
200.0,2.1,True,1.0,54.075238246205615,1.0,1.3738102017141283e+19
225.0,2.1,True,1.0,47.14321371631047,1.0,1.3399447940433082e+19
250.0,2.1,True,1.0,48.11202148680235,1.0,1.1245782917066088e+19
275.0,2.1,True,1.0,44.312390703829024,0.998,1.0648426136268016e+19
300.0,2.1,True,1.0,41.2073682628501,1.0,1.0128803583973388e+19
325.0,2.1,True,1.0,41.86039237663313,0.998,8.860761024262194e+18
350.0,2.1,True,1.0,33.90440885907762,0.998,9.788245679027104e+18
375.0,2.1,True,1.0,37.04669393156492,0.998,8.140826055730916e+18
400.0,2.1,True,1.0,31.84946709018608,0.996,8.546548227288011e+18
425.0,2.1,True,1.0,33.05713649860451,0.992,7.539583181984653e+18
450.0,2.1,True,1.0,29.09836881856657,0.99,7.78999658063308e+18
475.0,2.1,True,0.998,27.161603332639153,0.992012,7.677001214804735e+18
500.0,2.1,True,1.0,27.44719869691712,0.992,7.073024576846658e+18
525.0,2.1,True,0.998,26.42715044735894,0.986024,6.77815190400715e+18
550.0,2.1,True,1.0,25.526662805512963,0.982032,6.509539122251335e+18
575.0,2.1,True,1.0,26.272380132471397,0.986,5.990961083498619e+18
600.0,2.1,True,0.994,21.24784835451024,0.9801078559999999,6.664632216787522e+18
625.0,2.1,True,0.998,23.515431438303807,0.982079904,5.819831412875409e+18
650.0,2.1,True,1.0,21.63132663423348,0.97608,5.851152434236492e+18
675.0,2.1,True,1.0,21.501162754906737,0.9680599999999999,5.531093922046196e+18
700.0,2.1,True,0.998,22.322476746401108,0.95616384,5.042808637760658e+18
725.0,2.1,True,0.996,19.33399133875863,0.956235696,5.360798708307321e+18
750.0,2.1,True,0.996,19.714162686378707,0.96612,5.093486713406155e+18
775.0,2.1,True,0.998,20.329722647383306,0.954171832,4.697769486582834e+18
800.0,2.1,True,0.992,16.66729495563503,0.9384319999999999,5.101024279267524e+18
100.0,2.2,True,1.0,115.8921620603156,1.0,1.6476002103908708e+19
125.0,2.2,True,1.0,92.07505111475895,1.0,1.5810400686826807e+19
150.0,2.2,True,1.0,79.13423194554233,1.0,1.4521628703441943e+19
175.0,2.2,True,1.0,62.60646563061944,1.0,1.521649200920256e+19
200.0,2.2,True,1.0,60.614600536162996,0.998,1.2949451800789774e+19
225.0,2.2,True,1.0,48.89331664826159,0.998,1.379621879179676e+19
250.0,2.2,True,1.0,50.66793101804562,0.998,1.138747420922092e+19
275.0,2.2,True,1.0,41.942292691677004,1.0,1.2103780176155668e+19
300.0,2.2,True,1.0,46.31201368717815,1.0,9.631201386117253e+18
325.0,2.2,True,1.0,38.669185277160835,0.998,1.0286793516024887e+19
350.0,2.2,True,1.0,36.514571300097955,1.0,9.796595454924452e+18
375.0,2.2,True,1.0,34.81029962068681,0.994,9.23170363885056e+18
400.0,2.2,True,1.0,36.08619123454475,0.998,8.16205566967445e+18
425.0,2.2,True,1.0,33.41072856377485,0.998,8.052750493359354e+18
450.0,2.2,True,1.0,30.027999765897817,0.992,8.137663190644057e+18
475.0,2.2,True,1.0,30.162457104309027,0.99,7.489099439213902e+18
500.0,2.2,True,1.0,29.120674554283553,0.99,7.185436410857826e+18
525.0,2.2,True,0.998,26.613137663632145,0.990016,7.253817772475758e+18
550.0,2.2,True,0.998,26.505974375709926,0.98802,6.801912173676653e+18
575.0,2.2,True,1.0,25.402748956595502,0.984,6.595979496975308e+18
600.0,2.2,True,1.0,22.495334046359332,0.982,6.847136127143113e+18
625.0,2.2,True,0.998,23.415253058341314,0.98406792,6.274731819413495e+18
650.0,2.2,True,0.998,22.113332719480162,0.980067936,6.191818492620191e+18
675.0,2.2,True,0.998,22.01664416773359,0.970151808,5.834610739378591e+18
700.0,2.2,True,1.0,22.69067314345883,0.968112,5.404157072045724e+18
725.0,2.2,True,0.996,21.681611270961803,0.96418776,5.31332669689657e+18
750.0,2.2,True,0.996,23.50751228896943,0.956235696,4.714393988664938e+18
775.0,2.2,True,0.996,19.09530306964397,0.962199744,5.322141340228212e+18
800.0,2.2,True,0.998,20.59211949945589,0.9660639999999999,4.834162836527815e+18
100.0,2.3000000000000003,True,1.0,116.89903584470284,1.0,1.7418092792406835e+19
125.0,2.3000000000000003,True,1.0,82.34681372240786,1.0,1.9366562319036998e+19
150.0,2.3000000000000003,True,1.0,73.5078907477171,1.0,1.6944787984215218e+19
175.0,2.3000000000000003,True,1.0,69.8672642124671,1.0,1.4334780764924795e+19
200.0,2.3000000000000003,True,1.0,56.77729374326138,1.0,1.4922786804944734e+19
225.0,2.3000000000000003,True,1.0,57.7107048718145,1.0,1.2334786357578996e+19
250.0,2.3000000000000003,True,1.0,48.783968451881265,1.0,1.2701567474564837e+19
275.0,2.3000000000000003,True,1.0,45.31222587163184,1.0,1.1950001146692061e+19
300.0,2.3000000000000003,True,1.0,44.4555422040513,0.998,1.0721774362080205e+19
325.0,2.3000000000000003,True,1.0,37.02248038303087,1.0,1.1498816493515862e+19
350.0,2.3000000000000003,True,1.0,43.24897322181957,0.998,8.827218675676958e+18
375.0,2.3000000000000003,True,1.0,35.46930622804814,0.998,9.731906032589259e+18
400.0,2.3000000000000003,True,1.0,33.26549816045989,0.994,9.389188572713497e+18
425.0,2.3000000000000003,True,1.0,35.00461124566332,0.998,8.236564045015532e+18
450.0,2.3000000000000003,True,1.0,31.630000564123726,0.994,8.313782717821321e+18
475.0,2.3000000000000003,True,1.0,32.536567565892874,0.994,7.499186927394875e+18
500.0,2.3000000000000003,True,1.0,29.574419232739224,0.994,7.606276410041643e+18
525.0,2.3000000000000003,True,0.998,29.354325234608567,0.994008,7.145731910254687e+18
550.0,2.3000000000000003,True,0.998,27.502487816370902,0.992012,7.07177658415561e+18
575.0,2.3000000000000003,True,0.998,29.998659484304554,0.98802,6.126230724129734e+18
600.0,2.3000000000000003,True,1.0,28.37013809155613,0.982,6.02715798251835e+18
625.0,2.3000000000000003,True,1.0,25.06706866995487,0.976,6.290022282353478e+18
650.0,2.3000000000000003,True,0.998,23.92619175857262,0.984051952,6.23852447749623e+18
675.0,2.3000000000000003,True,0.998,21.158981395426757,0.986055936,6.538326306710498e+18
700.0,2.3000000000000003,True,0.996,23.082792109291496,0.97412784,5.733499650920726e+18
725.0,2.3000000000000003,True,1.0,23.095908997247726,0.972096,5.446712789131824e+18
750.0,2.3000000000000003,True,0.998,22.304423750574998,0.960147856,5.27745420726497e+18
775.0,2.3000000000000003,True,0.996,21.75154745522834,0.958223712,5.133621258678778e+18
800.0,2.3000000000000003,True,0.998,21.017436591709213,0.962139864,5.066652722924792e+18
100.0,2.4000000000000004,True,1.0,128.48992950907376,1.0,1.6435419403845167e+19
125.0,2.4000000000000004,True,1.0,91.41738094022948,1.0,1.8174384765553922e+19
150.0,2.4000000000000004,True,1.0,79.81681690543643,1.0,1.6376763010116809e+19
175.0,2.4000000000000004,True,1.0,64.299540682432,1.0,1.6818243367631243e+19
200.0,2.4000000000000004,True,1.0,60.349650912364496,1.0,1.4857585959491609e+19
225.0,2.4000000000000004,True,1.0,52.008948700667105,0.998,1.4710547892054235e+19
250.0,2.4000000000000004,True,1.0,48.59468929281336,1.0,1.3594947387004314e+19
275.0,2.4000000000000004,True,1.0,49.88181327035653,0.998,1.148600698800755e+19
300.0,2.4000000000000004,True,1.0,41.0283720531604,1.0,1.2429508391577194e+19
325.0,2.4000000000000004,True,1.0,44.840436087583484,1.0,1.0108309198934544e+19
350.0,2.4000000000000004,True,1.0,40.17273265767317,1.0,1.0160125440148224e+19
375.0,2.4000000000000004,True,1.0,41.91720248107216,1.0,8.81362536410428e+18
400.0,2.4000000000000004,True,1.0,34.37312587979235,0.998,9.742936341945268e+18
425.0,2.4000000000000004,True,1.0,34.68999544766734,0.994,8.819903833665936e+18
450.0,2.4000000000000004,True,1.0,36.65925496648604,0.996,7.724024415866043e+18
475.0,2.4000000000000004,True,1.0,27.779644312806397,0.998,9.253619091768492e+18
500.0,2.4000000000000004,True,0.998,32.0593584885321,0.992012,7.519102200126459e+18
525.0,2.4000000000000004,True,1.0,33.685685421260494,0.992,6.700291450957104e+18
550.0,2.4000000000000004,True,1.0,28.71801866657733,0.994,7.272156317404385e+18
575.0,2.4000000000000004,True,1.0,26.83042931070691,0.99,7.218272088609708e+18
600.0,2.4000000000000004,True,0.998,27.16843699294337,0.986024,6.698883802486264e+18
625.0,2.4000000000000004,True,1.0,28.483825261460133,0.984,6.057818030571409e+18
650.0,2.4000000000000004,True,0.998,28.70400154225004,0.984051952,5.695677030023191e+18
675.0,2.4000000000000004,True,1.0,26.327583264332368,0.98,5.800343090808535e+18
700.0,2.4000000000000004,True,0.998,24.865513995154615,0.98406792,5.809527455081912e+18
725.0,2.4000000000000004,True,0.998,23.594437609958455,0.97412784,5.718390798513981e+18
750.0,2.4000000000000004,True,1.0,21.803792763220457,0.968112,5.77420522493254e+18
775.0,2.4000000000000004,True,0.998,20.974899398876005,0.972099904,5.709853174743487e+18
800.0,2.4000000000000004,True,0.998,21.224904386264974,0.9661238799999999,5.382129484804437e+18
100.0,2.5,True,1.0,123.39522184716054,1.0,1.8412697691897596e+19
125.0,2.5,True,1.0,99.66750349911533,1.0,1.7358729689558565e+19
150.0,2.5,True,1.0,80.7223257018892,1.0,1.7176638342442557e+19
175.0,2.5,True,1.0,72.1257256516747,0.998,1.5619630439946514e+19
200.0,2.5,True,1.0,66.2053699991132,0.998,1.4185558999479065e+19
225.0,2.5,True,1.0,58.64948931933935,0.998,1.370117595837231e+19
250.0,2.5,True,1.0,56.344282727928686,1.0,1.2309534865938352e+19
275.0,2.5,True,1.0,48.779929171208565,1.0,1.253098895005389e+19
300.0,2.5,True,1.0,41.125954251560145,1.0,1.318275867900417e+19
325.0,2.5,True,1.0,43.187387962605825,1.0,1.117107466619626e+19
350.0,2.5,True,1.0,36.28357368804584,1.0,1.194041235733332e+19
375.0,2.5,True,1.0,38.89439940614347,0.996,1.0060349491930671e+19
400.0,2.5,True,1.0,39.86751240572649,1.0,8.983428311038284e+18
425.0,2.5,True,1.0,36.29181943125937,1.0,9.033676161116138e+18
450.0,2.5,True,1.0,35.78707422255609,0.998,8.421974122192643e+18
475.0,2.5,True,1.0,31.3930593349629,0.998,8.818859646903762e+18
500.0,2.5,True,1.0,32.13107949117593,0.994,7.993403532171555e+18
525.0,2.5,True,1.0,32.21691016286257,0.99,7.411077688346266e+18
550.0,2.5,True,1.0,28.930388220394086,0.988,7.634724149770085e+18
575.0,2.5,True,1.0,27.071848640862164,0.992,7.630503630731003e+18
600.0,2.5,True,1.0,26.95679028783057,0.994,7.22809940954392e+18
625.0,2.5,True,0.998,25.504847277227647,0.992012,7.140687470200962e+18
650.0,2.5,True,1.0,28.861957588779852,0.988,6.050177218063625e+18
675.0,2.5,True,0.998,24.940012457283203,0.97804,6.441500722393945e+18
700.0,2.5,True,1.0,22.388530732162792,0.97804,6.684392263308861e+18
725.0,2.5,True,0.996,21.571586520090783,0.980091888,6.568550485840618e+18
750.0,2.5,True,0.998,22.25831807550174,0.982079904,6.127196442974255e+18
775.0,2.5,True,0.996,22.962713749782644,0.972139824,5.654252654975952e+18
800.0,2.5,True,1.0,21.847312983926336,0.96612,5.594788429303308e+18
